<?xml version="1.0" encoding="UTF-8"?>
<page pageId="Page5" pageName="Hit Test" title="">
    <abstract></abstract>
    <keywords></keywords>
    <contents>
        <line Align="Justify">
            <content style="Normal">Hit testing gives what object if any is under the mouse when clicked.  To do this the scene is rendered into an off screen texture using the "color" to encode the ID of the object.  The vertex data field pickID gives the ID of the object the vertex is part of.  The fragment shader of the off screen render pass uses this for the color of the fragment:</content>
        </line>
        <line Align="Left">
            <content style="Normal"></content>
        </line>
        <line Align="Left">
            <content style="Custom15">// Vertex shader outputs and fragment shader inputs</content>
        </line>
        <line Align="Left">
            <content style="Normal"></content>
        </line>
        <line Align="Left">
            <content style="Custom23">typedefstruct</content>
        </line>
        <line Align="Left">
            <content style="Custom16">{</content>
        </line>
        <line Align="Left">
            <content style="Custom23">float4</content>
            <content style="Custom16">  clipSpacePosition [[position]];</content>
        </line>
        <line Align="Left">
            <content style="Custom23">float4</content>
            <content style="Custom16">  color;    </content>
        </line>
        <line Align="Left">
            <content style="Custom16">} pickData;</content>
        </line>
        <line Align="Left">
            <content style="Normal"></content>
        </line>
        <line Align="Left">
            <content style="Custom15">// Vertex function for rendering a simplified scene to a hit test texture</content>
        </line>
        <line Align="Left">
            <content style="Normal"></content>
        </line>
        <line Align="Left">
            <content style="Custom23">vertex</content>
            <content style="Custom24">pickData</content>
        </line>
        <line Align="Left">
            <content style="Custom16">pickVertexShader(</content>
            <content style="Custom23">uint</content>
            <content style="Custom16"> vertexID [[vertex_id]],</content>
        </line>
        <line Align="Left">
            <content style="Custom23">constant</content>
            <content style="Custom24">HT_Vertex</content>
            <content style="Custom16"> *vertices [[buffer(HT_Vertex_Index)]],</content>
        </line>
        <line Align="Left">
            <content style="Custom23">constant</content>
            <content style="Custom24">HT_Uniform</content>
            <content style="Custom16"> *param [[buffer(HT_Uniform_Index)]])</content>
        </line>
        <line Align="Left">
            <content style="Custom16">{</content>
        </line>
        <line Align="Left">
            <content style="Custom24">	pickData</content>
            <content style="Custom16"> out;</content>
        </line>
        <line Align="Left">
            <content style="Normal"></content>
        </line>
        <line Align="Left">
            <content style="Custom25">	vector_float4</content>
            <content style="Custom16">  newPosition = </content>
            <content style="Custom23">float4</content>
            <content style="Custom16">( vertices[vertexID].</content>
            <content style="Custom24">position</content>
            <content style="Custom16"> , </content>
            <content style="Custom27">1</content>
            <content style="Custom16"> );</content>
        </line>
        <line Align="Left">
            <content style="Normal"></content>
        </line>
        <line Align="Left">
            <content style="Custom16">    newPosition = param-&gt;</content>
            <content style="Custom24">toModelSpace</content>
            <content style="Custom16">[ vertices[vertexID].</content>
            <content style="Custom24">pickID</content>
            <content style="Custom16"> ] * newPosition;</content>
        </line>
        <line Align="Left">
            <content style="Normal"></content>
        </line>
        <line Align="Left">
            <content style="Custom16">    newPosition = param-&gt;</content>
            <content style="Custom24">toHitSpace</content>
            <content style="Custom16"> * newPosition;</content>
        </line>
        <line Align="Left">
            <content style="Custom16">    out.</content>
            <content style="Custom24">clipSpacePosition</content>
            <content style="Custom16"> = newPosition;</content>
        </line>
        <line Align="Left">
            <content style="Normal"></content>
        </line>
        <line Align="Left">
            <content style="Custom15">// Encode the object ID as a color</content>
        </line>
        <line Align="Left">
            <content style="Normal"></content>
        </line>
        <line Align="Left">
            <content style="Custom16">    out.</content>
            <content style="Custom24">color</content>
            <content style="Custom16">.r = vertices[vertexID].</content>
            <content style="Custom24">pickID</content>
            <content style="Custom16"> / </content>
            <content style="Custom27">255.0</content>
            <content style="Custom16">;  </content>
            <content style="Custom15">// (0 to 255) integer encoded as (0.0 to 1.0) float</content>
        </line>
        <line Align="Left">
            <content style="Custom16">    out.</content>
            <content style="Custom24">color</content>
            <content style="Custom16">.g = vertices[vertexID].</content>
            <content style="Custom24">facet</content>
            <content style="Custom16"> / </content>
            <content style="Custom27">255.0</content>
            <content style="Custom16">;   </content>
            <content style="Custom15">// the rasterizer converts back when the color is stored in the texture</content>
        </line>
        <line Align="Left">
            <content style="Custom16">    out.</content>
            <content style="Custom24">color</content>
            <content style="Custom16">.b = </content>
            <content style="Custom27">0.0</content>
            <content style="Custom16">;</content>
        </line>
        <line Align="Left">
            <content style="Custom16">    out.</content>
            <content style="Custom24">color</content>
            <content style="Custom16">.a = </content>
            <content style="Custom27">1.0</content>
            <content style="Custom16">;</content>
        </line>
        <line Align="Left">
            <content style="Normal"></content>
        </line>
        <line Align="Left">
            <content style="Custom23">	return</content>
            <content style="Custom16"> out;</content>
        </line>
        <line Align="Left">
            <content style="Custom16">}</content>
        </line>
        <line Align="Left">
            <content style="Normal"></content>
        </line>
        <line Align="Left">
            <content style="Custom15">// Fragment function</content>
        </line>
        <line Align="Left">
            <content style="Custom23">fragmentfloat4</content>
            <content style="Custom16"> pickFragmentShader(</content>
            <content style="Custom24">pickData</content>
            <content style="Custom16"> in [[stage_in]])</content>
        </line>
        <line Align="Left">
            <content style="Custom16">{</content>
        </line>
        <line Align="Left">
            <content style="Custom23">	return</content>
            <content style="Custom16"> in.</content>
            <content style="Custom24">color</content>
            <content style="Custom16">;</content>
        </line>
        <line Align="Left">
            <content style="Custom16">}</content>
        </line>
        <line Align="Left">
            <content style="Normal"></content>
        </line>
        <line Align="Justify">
            <content style="Normal">The off screen texture target is initialized in the -initOffScreenView method.  The off screen render pass and interpreting the result is in the -mouseDown method.</content>
        </line>
    </contents>
</page>