<?xml version="1.0" encoding="UTF-8"?>
<page pageId="Page0" pageName="Overview" title="">
    <abstract></abstract>
    <keywords></keywords>
    <contents>
        <line Align="Center">
            <image height="343.592" style="Custom" leftMargin="0.0" bottomMargin="0.0" rightMargin="0.0" width="615.126" topMargin="0.0" imageId="OverView.jpg"></image>
        </line>
        <line Align="Center">
            <content style="Normal"></content>
        </line>
        <line Align="Center">
            <content style="Normal"></content>
        </line>
        <line Align="Center">
            <content style="Normal"></content>
        </line>
        <line Align="Justify">
            <content style="Normal">This Xcode project creates a simple application displaying a scene using Metal.  The app displays a split view with an MTKView on the left and an NSTextView on the right.  The metal view displays the five Platonic solids moving around in front of a concave hemispherical backdrop.  The scene is lit with a single point light source which casts shadows of the solids onto the backdrop.   The user may click on a solid to highlight it.  When a solid is highlighted info about it is printed to the NSTextView.</content>
        </line>
        <line Align="Justify">
            <content style="Normal"></content>
        </line>
        <line Align="Justify">
            <content style="Normal">Features:</content>
        </line>
        <line Align="Left" leftIndent="36">
            <content style="Normal">1.  Vertex buffer creation in Object Space.</content>
        </line>
        <line Align="Left" leftIndent="36">
            <content style="Normal">2.  Composing objects into a scene in Model Space.</content>
        </line>
        <line Align="Left" leftIndent="36">
            <content style="Normal">3.	Transforming  a scene in Model Space to Clip Space</content>
        </line>
        <line Align="Left" leftIndent="36">
            <content style="Normal">4.  Hit Testing / Mouse Picking</content>
        </line>
        <line Align="Left" leftIndent="36">
            <content style="Normal">5.  Two pass rendering to produce shadows.</content>
        </line>
        <line Align="Justify">
            <content style="Normal"></content>
        </line>
    </contents>
</page>