<?xml version="1.0" encoding="UTF-8"?>
<page pageId="Page2" pageName="Clip Space" title="">
    <abstract></abstract>
    <keywords></keywords>
    <contents>
        <line Align="Left">
            <content style="Normal">Once composed into a scene in Model Space, the vertices must be mapped into clip space.  In clip space the x and y coordinates are mapped into the range of ±1.0 and the z coordinate in the range of 0 to 1.0.  The metal rasterizer then maps these points onto the pixels of the viewport using a frustum.  The eye is at (0,0,0) and a Far clip plane is set at distance 1.0 perpendicular to the z axis.  A near plane represents the display screen. A visible volume lies between the near and far clip planes.  The model space vertices must be mapped into this volume.</content>
        </line>
        <line Align="Center">
            <image height="792.0" style="Normal" leftMargin="0.0" bottomMargin="0.0" rightMargin="0.0" width="612.0" topMargin="0.0" imageId="CLIP.png"></image>
        </line>
        <line Align="Justify">
            <content style="Custom">Sitting before a desktop your eye is about 20" from the screen.  For a window 10" square the angle Ø above can be calculated as 0.245 radians.  The next two equations may be derived by inspection of the figure.  Solving the two simultaneous equations gives the dimensions of the frustum.</content>
        </line>
        <line Align="Justify">
            <content style="Custom">To map the model space into the visible clip space, first it must be scaled by a factor of r and then translated the distance (d + r) to the center of the visible area.  An orthographic mapping would map the x,y coordinates of the vertices directly onto the near plane.  For a more realistic mapping one wants to draw a line from the eye to the vertex and map that vertex onto the point where the line intersects the near plane.  This is done with a projection matrix.</content>
        </line>
        <line Align="Justify">
            <content style="Custom">The matrix uniform-&gt;toClipSpace to map a Model Space point into the frustum is finalized in the -drawableSizeWillChange: method.</content>
        </line>
        <line Align="Left">
            <content style="Normal"></content>
        </line>
    </contents>
</page>