<?xml version="1.0" encoding="UTF-8"?>
<page pageId="Page1" pageName="Model Space" title="">
    <abstract></abstract>
    <keywords></keywords>
    <contents>
        <line Align="Justify">
            <content style="Normal">The project's Geometry Group defines classes for generating vertex data for the five Platonic solids and the backdrop.  The coordinates are in Object Space centered at (0,0,0).  All the vertices fit within a sphere of radius 1.0.</content>
        </line>
        <line Align="Justify">
            <content style="Normal">The objects must be composed into a scene in Model Space using transform matrices.  In Model Space all vertex coordinates must be within the range -1.0 to 1.0 from the origin at (0,0,0).  The transform matrices to do this are initialized in the -viewDidLoad method of the MetalRenderer class:</content>
        </line>
        <line Align="Left">
            <content style="Normal"></content>
        </line>
        <line Align="Left">
            <content style="Custom19">// Instanciate the five polyhedra and the backdrop objects</content>
        </line>
        <line Align="Left">
            <content style="Normal"></content>
        </line>
        <line Align="Left">
            <content style="Custom17">node</content>
            <content style="Custom26">[</content>
            <content style="Custom20">OBJ_TETRAHEDRON</content>
            <content style="Custom26">] = [[</content>
            <content style="Custom17">HT_Tetrahedron</content>
            <content style="Custom18">alloc</content>
            <content style="Custom26">] </content>
            <content style="Custom20">initAsNode</content>
            <content style="Custom26">: </content>
            <content style="Custom20">OBJ_TETRAHEDRON</content>
            <content style="Custom26">];</content>
        </line>
        <line Align="Left">
            <content style="Normal"></content>
        </line>
        <line Align="Left">
            <content style="Custom17">node</content>
            <content style="Custom26">[</content>
            <content style="Custom20">OBJ_OCTAHEDRON</content>
            <content style="Custom26">] = [[</content>
            <content style="Custom17">HT_Octahedron</content>
            <content style="Custom18">alloc</content>
            <content style="Custom26">] </content>
            <content style="Custom20">initAsNode</content>
            <content style="Custom26">: </content>
            <content style="Custom20">OBJ_OCTAHEDRON</content>
            <content style="Custom26">];</content>
        </line>
        <line Align="Left">
            <content style="Normal"></content>
        </line>
        <line Align="Left">
            <content style="Custom17">node</content>
            <content style="Custom26">[</content>
            <content style="Custom20">OBJ_ICOSAHEDRON</content>
            <content style="Custom26">] = [[</content>
            <content style="Custom17">HT_Icosahedron</content>
            <content style="Custom18">alloc</content>
            <content style="Custom26">] </content>
            <content style="Custom20">initAsNode</content>
            <content style="Custom26">: </content>
            <content style="Custom20">OBJ_ICOSAHEDRON</content>
            <content style="Custom26">];</content>
        </line>
        <line Align="Left">
            <content style="Normal"></content>
        </line>
        <line Align="Left">
            <content style="Custom17">node</content>
            <content style="Custom26">[</content>
            <content style="Custom20">OBJ_DODECAHEDRON</content>
            <content style="Custom26">] = [[</content>
            <content style="Custom17">HT_Dodecahedron</content>
            <content style="Custom18">alloc</content>
            <content style="Custom26">] </content>
            <content style="Custom20">initAsNode</content>
            <content style="Custom26">: </content>
            <content style="Custom20">OBJ_DODECAHEDRON</content>
            <content style="Custom26">];</content>
        </line>
        <line Align="Left">
            <content style="Normal"></content>
        </line>
        <line Align="Left">
            <content style="Custom17">node</content>
            <content style="Custom26">[</content>
            <content style="Custom20">OBJ_CUBE</content>
            <content style="Custom26">] = [[</content>
            <content style="Custom17">HT_Cube</content>
            <content style="Custom18">alloc</content>
            <content style="Custom26">] </content>
            <content style="Custom20">initAsNode</content>
            <content style="Custom26">: </content>
            <content style="Custom20">OBJ_CUBE</content>
            <content style="Custom26">];</content>
        </line>
        <line Align="Left">
            <content style="Normal"></content>
        </line>
        <line Align="Left">
            <content style="Custom17">node</content>
            <content style="Custom26">[</content>
            <content style="Custom20">OBJ_BACKDROP</content>
            <content style="Custom26">] = [[</content>
            <content style="Custom17">HT_Hemisphere</content>
            <content style="Custom18">alloc</content>
            <content style="Custom26">] </content>
            <content style="Custom20">initAsNode</content>
            <content style="Custom26">: </content>
            <content style="Custom20">OBJ_BACKDROP</content>
            <content style="Custom26">];</content>
        </line>
        <line Align="Left">
            <content style="Normal"></content>
        </line>
        <line Align="Left">
            <content style="Custom19">// Initialize the object vertex buffers</content>
        </line>
        <line Align="Left">
            <content style="Normal"></content>
        </line>
        <line Align="Left">
            <content style="Custom21">for</content>
            <content style="Custom26">(n = </content>
            <content style="Custom22">0</content>
            <content style="Custom26"> ; n &lt; </content>
            <content style="Custom20">OBJ_MAX</content>
            <content style="Custom26"> ; n++)</content>
        </line>
        <line Align="Left">
            <content style="Custom26">{</content>
        </line>
        <line Align="Left">
            <content style="Custom26">item = [</content>
            <content style="Custom17">node</content>
            <content style="Custom26">[n] </content>
            <content style="Custom20">vertexData</content>
            <content style="Custom26">];</content>
        </line>
        <line Align="Left">
            <content style="Custom17">vertexCount</content>
            <content style="Custom26">[n] = [item </content>
            <content style="Custom18">length</content>
            <content style="Custom26">] / </content>
            <content style="Custom21">sizeof</content>
            <content style="Custom26">(</content>
            <content style="Custom17">HT_Vertex</content>
            <content style="Custom26">);</content>
        </line>
        <line Align="Left">
            <content style="Custom17">vertexBuffer</content>
            <content style="Custom26">[n] = [</content>
            <content style="Custom17">device</content>
            <content style="Custom18">newBufferWithBytes</content>
            <content style="Custom26">: [item </content>
            <content style="Custom18">bytes</content>
            <content style="Custom26">]</content>
        </line>
        <line Align="Left">
            <content style="Custom18">                                     length</content>
            <content style="Custom26">: [item </content>
            <content style="Custom18">length</content>
            <content style="Custom26">]</content>
        </line>
        <line Align="Left">
            <content style="Custom18">                   options</content>
            <content style="Custom26">: </content>
            <content style="Custom18">MTLResourceStorageModeManaged</content>
            <content style="Custom26">];</content>
        </line>
        <line Align="Left">
            <content style="Normal"></content>
        </line>
        <line Align="Left">
            <content style="Custom19">// Initialize Object Space to Model Space transforms</content>
        </line>
        <line Align="Left">
            <content style="Custom21">switch</content>
            <content style="Custom26">(n)</content>
        </line>
        <line Align="Left">
            <content style="Custom26">{</content>
        </line>
        <line Align="Left">
            <content style="Custom21">case</content>
            <content style="Custom20">OBJ_TETRAHEDRON</content>
            <content style="Custom26">:</content>
        </line>
        <line Align="Left">
            <content style="Custom17">nodeTransform</content>
            <content style="Custom26">[n].</content>
            <content style="Custom17">nodeTranslation</content>
            <content style="Custom26"> =      </content>
            <content style="Custom20">matrix4x4_translation</content>
            <content style="Custom26">( -</content>
            <content style="Custom22">6.0</content>
            <content style="Custom26"> , </content>
            <content style="Custom22">0.0</content>
            <content style="Custom26"> , </content>
            <content style="Custom22">0.0</content>
            <content style="Custom26"> );</content>
        </line>
        <line Align="Left">
            <content style="Custom17">nodeTransform</content>
            <content style="Custom26">[n].</content>
            <content style="Custom17">nodeScale</content>
            <content style="Custom26"> =            </content>
            <content style="Custom20">matrix4x4_scale</content>
            <content style="Custom26">( </content>
            <content style="Custom22">1.0</content>
            <content style="Custom26"> / </content>
            <content style="Custom22">7.0</content>
            <content style="Custom26"> , </content>
            <content style="Custom22">1.0</content>
            <content style="Custom26"> / </content>
            <content style="Custom22">7.0</content>
            <content style="Custom26"> , </content>
            <content style="Custom22">1.0</content>
            <content style="Custom26"> / </content>
            <content style="Custom22">7.0</content>
            <content style="Custom26">);</content>
        </line>
        <line Align="Left">
            <content style="Custom17">nodeTransform</content>
            <content style="Custom26">[n].</content>
            <content style="Custom17">nodeRotation</content>
            <content style="Custom26"> =         </content>
            <content style="Custom20">matrix4x4_identity</content>
            <content style="Custom26">();</content>
        </line>
        <line Align="Left">
            <content style="Custom21">break</content>
            <content style="Custom26">;</content>
        </line>
        <line Align="Left">
            <content style="Normal"></content>
        </line>
        <line Align="Left">
            <content style="Custom21">case</content>
            <content style="Custom20">OBJ_OCTAHEDRON</content>
            <content style="Custom26">:</content>
        </line>
        <line Align="Left">
            <content style="Custom17">nodeTransform</content>
            <content style="Custom26">[n].</content>
            <content style="Custom17">nodeTranslation</content>
            <content style="Custom26"> =      </content>
            <content style="Custom20">matrix4x4_translation</content>
            <content style="Custom26">( -</content>
            <content style="Custom22">3.0</content>
            <content style="Custom26"> , </content>
            <content style="Custom22">0.0</content>
            <content style="Custom26"> , </content>
            <content style="Custom22">0.0</content>
            <content style="Custom26"> );</content>
        </line>
        <line Align="Left">
            <content style="Custom17">nodeTransform</content>
            <content style="Custom26">[n].</content>
            <content style="Custom17">nodeScale</content>
            <content style="Custom26"> =            </content>
            <content style="Custom20">matrix4x4_scale</content>
            <content style="Custom26">( </content>
            <content style="Custom22">1.0</content>
            <content style="Custom26"> / </content>
            <content style="Custom22">7.0</content>
            <content style="Custom26"> , </content>
            <content style="Custom22">1.0</content>
            <content style="Custom26"> / </content>
            <content style="Custom22">7.0</content>
            <content style="Custom26"> , </content>
            <content style="Custom22">1.0</content>
            <content style="Custom26"> / </content>
            <content style="Custom22">7.0</content>
            <content style="Custom26">);</content>
        </line>
        <line Align="Left">
            <content style="Custom17">nodeTransform</content>
            <content style="Custom26">[n].</content>
            <content style="Custom17">nodeRotation</content>
            <content style="Custom26"> =         </content>
            <content style="Custom20">matrix4x4_identity</content>
            <content style="Custom26">();</content>
        </line>
        <line Align="Left">
            <content style="Custom21">break</content>
            <content style="Custom26">;</content>
        </line>
        <line Align="Left">
            <content style="Normal"></content>
        </line>
        <line Align="Left">
            <content style="Custom21">case</content>
            <content style="Custom20">OBJ_ICOSAHEDRON</content>
            <content style="Custom26">:</content>
        </line>
        <line Align="Left">
            <content style="Custom17">nodeTransform</content>
            <content style="Custom26">[n].</content>
            <content style="Custom17">nodeTranslation</content>
            <content style="Custom26"> =      </content>
            <content style="Custom20">matrix4x4_translation</content>
            <content style="Custom26">( -</content>
            <content style="Custom22">0.0</content>
            <content style="Custom26"> , </content>
            <content style="Custom22">0.0</content>
            <content style="Custom26"> , </content>
            <content style="Custom22">0.0</content>
            <content style="Custom26"> );</content>
        </line>
        <line Align="Left">
            <content style="Custom17">nodeTransform</content>
            <content style="Custom26">[n].</content>
            <content style="Custom17">nodeScale</content>
            <content style="Custom26"> =            </content>
            <content style="Custom20">matrix4x4_scale</content>
            <content style="Custom26">( </content>
            <content style="Custom22">1.0</content>
            <content style="Custom26"> / </content>
            <content style="Custom22">7.0</content>
            <content style="Custom26"> , </content>
            <content style="Custom22">1.0</content>
            <content style="Custom26"> / </content>
            <content style="Custom22">7.0</content>
            <content style="Custom26"> , </content>
            <content style="Custom22">1.0</content>
            <content style="Custom26"> / </content>
            <content style="Custom22">7.0</content>
            <content style="Custom26">);</content>
        </line>
        <line Align="Left">
            <content style="Custom17">nodeTransform</content>
            <content style="Custom26">[n].</content>
            <content style="Custom17">nodeRotation</content>
            <content style="Custom26"> =         </content>
            <content style="Custom20">matrix4x4_identity</content>
            <content style="Custom26">();</content>
        </line>
        <line Align="Left">
            <content style="Custom21">break</content>
            <content style="Custom26">;</content>
        </line>
        <line Align="Left">
            <content style="Normal"></content>
        </line>
        <line Align="Left">
            <content style="Custom21">case</content>
            <content style="Custom20">OBJ_DODECAHEDRON</content>
            <content style="Custom26">:</content>
        </line>
        <line Align="Left">
            <content style="Custom17">nodeTransform</content>
            <content style="Custom26">[n].</content>
            <content style="Custom17">nodeTranslation</content>
            <content style="Custom26"> =      </content>
            <content style="Custom20">matrix4x4_translation</content>
            <content style="Custom26">( </content>
            <content style="Custom22">3.0</content>
            <content style="Custom26"> , </content>
            <content style="Custom22">0.0</content>
            <content style="Custom26"> , </content>
            <content style="Custom22">0.0</content>
            <content style="Custom26"> );</content>
        </line>
        <line Align="Left">
            <content style="Custom17">nodeTransform</content>
            <content style="Custom26">[n].</content>
            <content style="Custom17">nodeScale</content>
            <content style="Custom26"> =            </content>
            <content style="Custom20">matrix4x4_scale</content>
            <content style="Custom26">( </content>
            <content style="Custom22">1.0</content>
            <content style="Custom26"> / </content>
            <content style="Custom22">7.0</content>
            <content style="Custom26"> , </content>
            <content style="Custom22">1.0</content>
            <content style="Custom26"> / </content>
            <content style="Custom22">7.0</content>
            <content style="Custom26"> , </content>
            <content style="Custom22">1.0</content>
            <content style="Custom26"> / </content>
            <content style="Custom22">7.0</content>
            <content style="Custom26">);</content>
        </line>
        <line Align="Left">
            <content style="Custom17">nodeTransform</content>
            <content style="Custom26">[n].</content>
            <content style="Custom17">nodeRotation</content>
            <content style="Custom26"> =         </content>
            <content style="Custom20">matrix4x4_identity</content>
            <content style="Custom26">();</content>
        </line>
        <line Align="Left">
            <content style="Custom21">break</content>
            <content style="Custom26">;</content>
        </line>
        <line Align="Left">
            <content style="Normal"></content>
        </line>
        <line Align="Left">
            <content style="Custom21">case</content>
            <content style="Custom20">OBJ_CUBE</content>
            <content style="Custom26">:</content>
        </line>
        <line Align="Left">
            <content style="Custom17">nodeTransform</content>
            <content style="Custom26">[n].</content>
            <content style="Custom17">nodeTranslation</content>
            <content style="Custom26"> =     	 </content>
            <content style="Custom20">matrix4x4_translation</content>
            <content style="Custom26">( </content>
            <content style="Custom22">6.0</content>
            <content style="Custom26"> , </content>
            <content style="Custom22">0.0</content>
            <content style="Custom26"> , </content>
            <content style="Custom22">0.0</content>
            <content style="Custom26"> );</content>
        </line>
        <line Align="Left">
            <content style="Custom17">nodeTransform</content>
            <content style="Custom26">[n].</content>
            <content style="Custom17">nodeScale</content>
            <content style="Custom26"> =            </content>
            <content style="Custom20">matrix4x4_scale</content>
            <content style="Custom26">( </content>
            <content style="Custom22">1.0</content>
            <content style="Custom26"> / </content>
            <content style="Custom22">7.0</content>
            <content style="Custom26"> , </content>
            <content style="Custom22">1.0</content>
            <content style="Custom26"> / </content>
            <content style="Custom22">7.0</content>
            <content style="Custom26"> , </content>
            <content style="Custom22">1.0</content>
            <content style="Custom26"> / </content>
            <content style="Custom22">7.0</content>
            <content style="Custom26">);</content>
        </line>
        <line Align="Left">
            <content style="Custom17">nodeTransform</content>
            <content style="Custom26">[n].</content>
            <content style="Custom17">nodeRotation</content>
            <content style="Custom26"> =         </content>
            <content style="Custom20">matrix4x4_identity</content>
            <content style="Custom26">();</content>
        </line>
        <line Align="Left">
            <content style="Custom21">break</content>
            <content style="Custom26">;</content>
        </line>
        <line Align="Left">
            <content style="Normal"></content>
        </line>
        <line Align="Left">
            <content style="Custom21">case</content>
            <content style="Custom20">OBJ_BACKDROP</content>
            <content style="Custom26">:</content>
        </line>
        <line Align="Left">
            <content style="Custom17">nodeTransform</content>
            <content style="Custom26">[n].</content>
            <content style="Custom17">nodeTranslation</content>
            <content style="Custom26"> =      </content>
            <content style="Custom20">matrix4x4_identity</content>
            <content style="Custom26">();</content>
        </line>
        <line Align="Left">
            <content style="Custom17">nodeTransform</content>
            <content style="Custom26">[n].</content>
            <content style="Custom17">nodeRotation</content>
            <content style="Custom26"> =         </content>
            <content style="Custom20">matrix4x4_identity</content>
            <content style="Custom26">();</content>
        </line>
        <line Align="Left">
            <content style="Custom17">nodeTransform</content>
            <content style="Custom26">[n].</content>
            <content style="Custom17">nodeScale</content>
            <content style="Custom26"> =            </content>
            <content style="Custom20">matrix4x4_identity</content>
            <content style="Custom26">();</content>
        </line>
        <line Align="Left">
            <content style="Custom21">break</content>
            <content style="Custom26">; }</content>
        </line>
        <line Align="Left">
            <content style="Custom26">}</content>
        </line>
        <line Align="Left" leftIndent="72">
            <content style="Normal"></content>
        </line>
        <line Align="Justify">
            <content style="Normal">The nodeTranslation matrix is used to space the five Platonic solids evenly along the x axis.  Then the scale matrix is applied to fit the objects back into the ±1.0 dimensions of the Model Space.  The rotation transform is set each render pass by the -animate method to move the objects around in the space.</content>
        </line>
        <line Align="Left">
            <content style="Normal"></content>
        </line>
        <line Align="Justify">
            <content style="Normal">These three transforms are combined into the uniform-&gt;toModelSpace matrix each render pass for use by the vertex shader.</content>
        </line>
        <line Align="Left">
            <content style="Custom17">uniform</content>
            <content style="Custom26">-&gt;</content>
            <content style="Custom17">toModelSpace</content>
            <content style="Custom26">[n] = </content>
            <content style="Custom18">simd_mul</content>
            <content style="Custom26">(</content>
            <content style="Custom17">nodeTransform</content>
            <content style="Custom26">[n].</content>
            <content style="Custom17">nodeScale</content>
            <content style="Custom26"> , </content>
            <content style="Custom17">nodeTransform</content>
            <content style="Custom26">[n].</content>
            <content style="Custom17">nodeTranslation</content>
            <content style="Custom26"> );</content>
        </line>
        <line Align="Left">
            <content style="Custom17">uniform</content>
            <content style="Custom26">-&gt;</content>
            <content style="Custom17">toModelSpace</content>
            <content style="Custom26">[n] = </content>
            <content style="Custom18">simd_mul</content>
            <content style="Custom26">(</content>
            <content style="Custom17">nodeTransform</content>
            <content style="Custom26">[n].</content>
            <content style="Custom17">nodeRotation</content>
            <content style="Custom26"> , </content>
            <content style="Custom17">uniform</content>
            <content style="Custom26">-&gt;</content>
            <content style="Custom17">toModelSpace</content>
            <content style="Custom26">[n] );</content>
        </line>
        <line Align="Left">
            <content style="Normal"></content>
        </line>
    </contents>
</page>