<?xml version="1.0" encoding="UTF-8"?>
<page pageId="Page8" pageName="Shadows" title="">
    <abstract></abstract>
    <keywords></keywords>
    <contents>
        <line Align="Justify">
            <content style="Normal">In order to add shadows to the scene the scene is rendered in two passes.  In the first pass the scene is rendered from the point of view of the light source into a depth texture.  The depth texture records the minimum distance z of the objects at any x,y point.  In the second pass the scene is rendered normally.  In the fragment shader the coordinates of a point( in the light's POV)  are compared to that in the depth texture.  If the recorded depth is less than the z component of the point of interest then there is something between that point and the light source.  Therefore, it is in shadow.</content>
        </line>
        <line Align="Justify">
            <content style="Normal">The depth texture and the parameters for the first render pass are set up in -initShadowBuffer and setupShadowView methods.  Note that since there is no color target only a vertex shader is needed. </content>
        </line>
        <line Align="Justify">
            <content style="Normal">The -setupShadowView method sets up a frustum to view the scene from the POV of the light source and a transform matrix to take a point from Model Space to Light POV Clip Space, i.e. uniform-&gt;toLightPOV.</content>
        </line>
        <line Align="Left">
            <content style="Normal"></content>
        </line>
    </contents>
</page>