<?xml version="1.0" encoding="UTF-8"?>
<page pageId="Page68" pageName="PLL Analysis" title="">
    <abstract></abstract>
    <keywords></keywords>
    <contents>
        <line Align="Left">
            <content style="Body">PLL stands for permutations of the last layer.  Solving the last layer is the last step in many Cube solving methods.</content>
        </line>
        <line Align="Left">
            <content style="Body">*BR*</content>
        </line>
        <line Align="Left">
            <content style="Body">There are 4! * 4! / 2 = 288 position permutations of the last layer.  On </content>
            <content style="Body" linkTarget="https://www.speedsolving.com/wiki/index.php/PLL">speedsolving.com</content>
            <content style="Body"> these 288 permutations are classified as 21 basic types.  The author wanted to see if he could arrive at these types from basic principles.  This function is the result.</content>
        </line>
    </contents>
</page>