<?xml version="1.0" encoding="UTF-8"?>
<page pageId="Page9" pageName="configurationForCycleString:" title="">
    <abstract></abstract>
    <keywords></keywords>
    <contents>
        <line Align="Left">
            <content style="Custom1">-(</content>
            <content style="Custom18">NSString</content>
            <content style="Custom1"> *)</content>
            <content style="Custom15">configurationForCycleString</content>
            <content style="Custom1">: (</content>
            <content style="Custom18">NSString</content>
            <content style="Custom1"> *)cycleString</content>
        </line>
        <line Align="Left">
            <content style="Body">*BR*</content>
        </line>
        <line Align="Left">
            <content style="Body">Parameters:</content>
        </line>
        <line Align="Left">
            <content style="Body">*BR*</content>
        </line>
        <line Align="Left" leftIndent="36">
            <content style="Body">cycleString	</content>
        </line>
        <line Align="Left" leftIndent="72">
            <content style="Body">A GAP canonical cycle string for a permutation of the facelets as laid out in a standard configuration string.</content>
        </line>
        <line Align="Left" leftIndent="36">
            <content style="Body">*BR*</content>
        </line>
        <line Align="Left">
            <content style="Body">Returned Value:</content>
        </line>
        <line Align="Left">
            <content style="Body">*BR*</content>
        </line>
        <line Align="Left" leftIndent="36">
            <content style="Body">A valid standard configuration string or nil if that cannot be done.</content>
        </line>
        <line Align="Left">
            <content style="Normal"></content>
        </line>
    </contents>
</page>