<?xml version="1.0" encoding="UTF-8"?>
<page pageId="Page7" pageName="configurationCodes" title="">
    <abstract></abstract>
    <keywords></keywords>
    <contents>
        <line Align="Left">
            <content style="Custom1">-(</content>
            <content style="Custom18">NSArray</content>
            <content style="Custom1"> *)</content>
            <content style="Custom15">configurationCodes</content>
            <content style="Custom1">;</content>
        </line>
        <line Align="Left">
            <content style="Normal">*BR*</content>
        </line>
        <line Align="Justify" leftIndent="36">
            <content style="Body">Returns an array of NSString objects for the valid codes used in standard configuration strings.  The list is sorted first by position and then by orientation.  The order allows the determination of the cubie's home position and its orientation.</content>
        </line>
        <line Align="Left" leftIndent="36">
            <content style="Body">*BR*</content>
        </line>
        <line Align="Left">
            <content style="Custom12">return</content>
            <content style="Custom1"> [</content>
            <content style="Custom18">NSArray</content>
            <content style="Custom19">arrayWithObjects</content>
            <content style="Custom1">:</content>
        </line>
        <line Align="Left">
            <content style="Custom20">//           E        flip</content>
        </line>
        <line Align="Left">
            <content style="Custom21">@"UF"</content>
            <content style="Custom1">,    </content>
            <content style="Custom21">@"FU"</content>
            <content style="Custom1">,</content>
        </line>
        <line Align="Left">
            <content style="Custom21">@"UR"</content>
            <content style="Custom1">,    </content>
            <content style="Custom21">@"RU"</content>
            <content style="Custom1">,</content>
        </line>
        <line Align="Left">
            <content style="Custom21">@"UB"</content>
            <content style="Custom1">,    </content>
            <content style="Custom21">@"BU"</content>
            <content style="Custom1">,</content>
        </line>
        <line Align="Left">
            <content style="Custom21">@"UL"</content>
            <content style="Custom1">,    </content>
            <content style="Custom21">@"LU"</content>
            <content style="Custom1">,</content>
        </line>
        <line Align="Left">
            <content style="Custom21">@"DF"</content>
            <content style="Custom1">,    </content>
            <content style="Custom21">@"FD"</content>
            <content style="Custom1">,</content>
        </line>
        <line Align="Left">
            <content style="Custom21">@"DR"</content>
            <content style="Custom1">,    </content>
            <content style="Custom21">@"RD"</content>
            <content style="Custom1">,</content>
        </line>
        <line Align="Left">
            <content style="Custom21">@"DB"</content>
            <content style="Custom1">,    </content>
            <content style="Custom21">@"BD"</content>
            <content style="Custom1">,</content>
        </line>
        <line Align="Left">
            <content style="Custom21">@"DL"</content>
            <content style="Custom1">,    </content>
            <content style="Custom21">@"LD"</content>
            <content style="Custom1">,</content>
        </line>
        <line Align="Left">
            <content style="Custom21">@"FR"</content>
            <content style="Custom1">,    </content>
            <content style="Custom21">@"RF"</content>
            <content style="Custom1">,</content>
        </line>
        <line Align="Left">
            <content style="Custom21">@"FL"</content>
            <content style="Custom1">,    </content>
            <content style="Custom21">@"LF"</content>
            <content style="Custom1">,</content>
        </line>
        <line Align="Left">
            <content style="Custom21">@"BR"</content>
            <content style="Custom1">,    </content>
            <content style="Custom21">@"RB"</content>
            <content style="Custom1">,</content>
        </line>
        <line Align="Left">
            <content style="Custom21">@"BL"</content>
            <content style="Custom1">,    </content>
            <content style="Custom21">@"LB"</content>
            <content style="Custom1">,</content>
        </line>
        <line Align="Left">
            <content style="Custom20">//            E          CW         CCW</content>
        </line>
        <line Align="Left">
            <content style="Custom21">@"UFR"</content>
            <content style="Custom1">,    </content>
            <content style="Custom21">@"FRU"</content>
            <content style="Custom1">,    </content>
            <content style="Custom21">@"RUF"</content>
            <content style="Custom1">,</content>
        </line>
        <line Align="Left">
            <content style="Custom21">@"URB"</content>
            <content style="Custom1">,    </content>
            <content style="Custom21">@"RBU"</content>
            <content style="Custom1">,    </content>
            <content style="Custom21">@"BUR"</content>
            <content style="Custom1">,</content>
        </line>
        <line Align="Left">
            <content style="Custom21">@"UBL"</content>
            <content style="Custom1">,    </content>
            <content style="Custom21">@"BLU"</content>
            <content style="Custom1">,    </content>
            <content style="Custom21">@"LUB"</content>
            <content style="Custom1">,</content>
        </line>
        <line Align="Left">
            <content style="Custom21">@"ULF"</content>
            <content style="Custom1">,    </content>
            <content style="Custom21">@"LFU"</content>
            <content style="Custom1">,    </content>
            <content style="Custom21">@"FUL"</content>
            <content style="Custom1">,</content>
        </line>
        <line Align="Left">
            <content style="Custom21">@"DRF"</content>
            <content style="Custom1">,    </content>
            <content style="Custom21">@"RFD"</content>
            <content style="Custom1">,    </content>
            <content style="Custom21">@"FDR"</content>
            <content style="Custom1">,</content>
        </line>
        <line Align="Left">
            <content style="Custom21">@"DFL"</content>
            <content style="Custom1">,    </content>
            <content style="Custom21">@"FLD"</content>
            <content style="Custom1">,    </content>
            <content style="Custom21">@"LDF"</content>
            <content style="Custom1">,</content>
        </line>
        <line Align="Left">
            <content style="Custom21">@"DLB"</content>
            <content style="Custom1">,    </content>
            <content style="Custom21">@"LBD"</content>
            <content style="Custom1">,    </content>
            <content style="Custom21">@"BDL"</content>
            <content style="Custom1">,</content>
        </line>
        <line Align="Left">
            <content style="Custom21">@"DBR"</content>
            <content style="Custom1">,    </content>
            <content style="Custom21">@"BRD"</content>
            <content style="Custom1">,    </content>
            <content style="Custom21">@"RDB"</content>
            <content style="Custom1">,</content>
        </line>
        <line Align="Left">
            <content style="Custom12">nil</content>
            <content style="Custom1">];</content>
        </line>
        <line Align="Left">
            <content style="Normal"></content>
        </line>
    </contents>
</page>