<?xml version="1.0" encoding="UTF-8"?>
<page pageId="Page11" pageName="cycleStringForSymtag:" title="">
    <abstract></abstract>
    <keywords></keywords>
    <contents>
        <line Align="Left">
            <content style="Custom1">-(</content>
            <content style="Custom18">NSString</content>
            <content style="Custom1"> *)</content>
            <content style="Custom15">cycleStringForSymtag</content>
            <content style="Custom1">: (</content>
            <content style="Custom14">OSG_SYMTAG</content>
            <content style="Custom1">)symtag;</content>
        </line>
        <line Align="Left">
            <content style="Body">*BR*</content>
        </line>
        <line Align="Left">
            <content style="Body">Parameters:</content>
        </line>
        <line Align="Left">
            <content style="Body">*BR*</content>
        </line>
        <line Align="Left" leftIndent="36">
            <content style="Body">symtag	</content>
        </line>
        <line Align="Left" leftIndent="36">
            <content style="Body">	The OhSymmetryGroup symtag for the desired symmetry.</content>
        </line>
        <line Align="Left">
            <content style="Body">*BR*</content>
        </line>
        <line Align="Left">
            <content style="Body">Returned Value:</content>
        </line>
        <line Align="Left">
            <content style="Body">*BR*</content>
        </line>
        <line Align="Left" leftIndent="36">
            <content style="Body">A GAP canonical cycle string for the symmetry element expressed as a facelet permutation.</content>
        </line>
    </contents>
</page>