<?xml version="1.0" encoding="UTF-8"?>
<page pageId="Page50" pageName="randomState;" title="">
    <abstract></abstract>
    <keywords></keywords>
    <contents>
        <line Align="Left">
            <content style="Custom1">-(</content>
            <content style="Custom31">NSData</content>
            <content style="Custom1"> *)</content>
            <content style="Custom33">randomState</content>
            <content style="Custom1">;</content>
        </line>
        <line Align="Left">
            <content style="Normal"></content>
        </line>
        <line Align="Left">
            <content style="Body">*BR*</content>
        </line>
        <line Align="Left">
            <content style="Body">Returned Value</content>
        </line>
        <line Align="Left">
            <content style="Body">*BR*</content>
        </line>
        <line Align="Left" leftIndent="36">
            <content style="Body">A randomly generated CubieModel group element</content>
        </line>
    </contents>
</page>