<?xml version="1.0" encoding="UTF-8"?>
<page pageId="Page31" pageName="subgroupNamed:" title="">
    <abstract></abstract>
    <keywords></keywords>
    <contents>
        <line Align="Left">
            <content style="Custom1">-(</content>
            <content style="Custom23">NSArray</content>
            <content style="Custom1"> *)</content>
            <content style="Custom26">subgroupNamed</content>
            <content style="Custom1">: (</content>
            <content style="Custom23">NSString</content>
            <content style="Custom1"> *)name;</content>
        </line>
        <line Align="Left">
            <content style="Custom22">*BR*</content>
        </line>
        <line Align="Left">
            <content style="Custom22">Parameters:</content>
        </line>
        <line Align="Left">
            <content style="Custom22">*BR*</content>
        </line>
        <line Align="Left" leftIndent="36">
            <content style="Custom22">name	</content>
        </line>
        <line Align="Left" leftIndent="72">
            <content style="Custom22">The name of the subgroup</content>
        </line>
        <line Align="Left" leftIndent="36">
            <content style="Custom22">*BR*</content>
        </line>
        <line Align="Left">
            <content style="Custom22">Returned Value:</content>
        </line>
        <line Align="Left">
            <content style="Custom22">*BR*</content>
        </line>
        <line Align="Left" leftIndent="36">
            <content style="Custom22">A list of the elements of the subgroup as NSString objects of the form @"N" where N is a valid symtag.</content>
        </line>
        <line Align="Left" leftIndent="36">
            <content style="Body">*BR*</content>
        </line>
        <line Align="Left">
            <content style="Custom22">Discussion:</content>
        </line>
        <line Align="Left" leftIndent="36">
            <content style="Custom22">Valid names are:</content>
        </line>
        <line Align="Left">
            <content style="Body">   *BR*</content>
        </line>
        <line Align="Left" leftIndent="36">
            <content style="Custom28">C4vy</content>
        </line>
        <line Align="Left" leftIndent="36">
            <content style="Body">  Symmetry of the cube subgroup with the Up face solved</content>
        </line>
        <line Align="Left" leftIndent="36">
            <content style="Body">  8 elements</content>
        </line>
        <line Align="Left" leftIndent="36">
            <content style="Body">  x, y, z  E,</content>
        </line>
        <line Align="Left" leftIndent="36">
            <content style="Body">  z, y,-x  C4y,</content>
        </line>
        <line Align="Left" leftIndent="36">
            <content style="Body"> -z, y, x  C4y3,</content>
        </line>
        <line Align="Left" leftIndent="36">
            <content style="Body"> -x, y,-z  C2y,</content>
        </line>
        <line Align="Left" leftIndent="36">
            <content style="Body">  z, y, x  Sig_d_xz,</content>
        </line>
        <line Align="Left" leftIndent="36">
            <content style="Body"> -z, y,-x  Sig_d_xz',</content>
        </line>
        <line Align="Left" leftIndent="36">
            <content style="Body"> -x, y, z  Sig_h_x,</content>
        </line>
        <line Align="Left" leftIndent="36">
            <content style="Body">  x, y,-z  Sig_h_z</content>
        </line>
        <line Align="Left" leftIndent="36">
            <content style="Normal"></content>
        </line>
        <line Align="Left" leftIndent="36">
            <content style="Body">   *BR*</content>
        </line>
        <line Align="Left" leftIndent="36">
            <content style="Normal"></content>
        </line>
        <line Align="Left" leftIndent="36">
            <content style="Custom28">D4y</content>
        </line>
        <line Align="Left" leftIndent="36">
            <content style="Body"> Rotation subgroup that maps the Y axis onto itself or -Y</content>
        </line>
        <line Align="Left" leftIndent="36">
            <content style="Body"> 8 elements</content>
        </line>
        <line Align="Left" leftIndent="36">
            <content style="Body">    x, y, z  E,</content>
        </line>
        <line Align="Left" leftIndent="36">
            <content style="Body">    z, y,-x  C4y,</content>
        </line>
        <line Align="Left" leftIndent="36">
            <content style="Body">   -z, y, x  C4y3,</content>
        </line>
        <line Align="Left" leftIndent="36">
            <content style="Body">    x,-y,-z  C2x,</content>
        </line>
        <line Align="Left" leftIndent="36">
            <content style="Body">   -x, y,-z  C2y,</content>
        </line>
        <line Align="Left" leftIndent="36">
            <content style="Body">   -x,-y, z  C2z,</content>
        </line>
        <line Align="Left" leftIndent="36">
            <content style="Body">    z,-y, x  C2xz,</content>
        </line>
        <line Align="Left" leftIndent="36">
            <content style="Body">   -z,-y,-x  C2xz'</content>
        </line>
        <line Align="Left" leftIndent="36">
            <content style="Normal"></content>
        </line>
        <line Align="Left" leftIndent="36">
            <content style="Body">   *BR*</content>
        </line>
        <line Align="Left" leftIndent="36">
            <content style="Normal"></content>
        </line>
        <line Align="Left" leftIndent="36">
            <content style="Custom28">D4hy</content>
        </line>
        <line Align="Left" leftIndent="36">
            <content style="Body"> Symmetry of the Kociemba cube subgroup: &lt; U,D,R2,F2,L2,B2 &gt;</content>
        </line>
        <line Align="Left" leftIndent="36">
            <content style="Body"> 16 elements</content>
        </line>
        <line Align="Left" leftIndent="36">
            <content style="Body">  x, y, z  E,</content>
        </line>
        <line Align="Left" leftIndent="36">
            <content style="Body">  z, y,-x  C4y,</content>
        </line>
        <line Align="Left" leftIndent="36">
            <content style="Body"> -z, y, x  C4y3,</content>
        </line>
        <line Align="Left" leftIndent="36">
            <content style="Body">  x,-y,-z  C2x,</content>
        </line>
        <line Align="Left" leftIndent="36">
            <content style="Body"> -x, y,-z  C2y,</content>
        </line>
        <line Align="Left" leftIndent="36">
            <content style="Body"> -x,-y, z  C2z,</content>
        </line>
        <line Align="Left" leftIndent="36">
            <content style="Body">  z,-y, x  C2xz,</content>
        </line>
        <line Align="Left" leftIndent="36">
            <content style="Body"> -z,-y,-x  C2xz',</content>
        </line>
        <line Align="Left" leftIndent="36">
            <content style="Body">  z, y, x  Sig_d_xz,</content>
        </line>
        <line Align="Left" leftIndent="36">
            <content style="Body"> -z, y,-x  Sig_d_xz',</content>
        </line>
        <line Align="Left" leftIndent="36">
            <content style="Body">  z,-y,-x  S4y,</content>
        </line>
        <line Align="Left" leftIndent="36">
            <content style="Body"> -z,-y, x  S4y3,</content>
        </line>
        <line Align="Left" leftIndent="36">
            <content style="Body"> -x,-y,-z  i,</content>
        </line>
        <line Align="Left" leftIndent="36">
            <content style="Body"> -x, y, z  Sig_h_x,</content>
        </line>
        <line Align="Left" leftIndent="36">
            <content style="Body">  x,-y, z  Sig_h_y,</content>
        </line>
        <line Align="Left" leftIndent="36">
            <content style="Body">  x, y,-z  Sig_h_z</content>
        </line>
        <line Align="Left" leftIndent="36">
            <content style="Normal"></content>
        </line>
        <line Align="Left" leftIndent="36">
            <content style="Body">   *BR*</content>
        </line>
        <line Align="Left" leftIndent="36">
            <content style="Normal"></content>
        </line>
        <line Align="Left" leftIndent="36">
            <content style="Custom28">C3vxyz</content>
        </line>
        <line Align="Left" leftIndent="36">
            <content style="Body">  Symmetry of the RUF cube subgroup</content>
        </line>
        <line Align="Left" leftIndent="36">
            <content style="Body">  6 elements</content>
        </line>
        <line Align="Left" leftIndent="36">
            <content style="Body">      x, y, z  E,</content>
        </line>
        <line Align="Left" leftIndent="36">
            <content style="Body">      z, x, y  C3xyz,</content>
        </line>
        <line Align="Left" leftIndent="36">
            <content style="Body">      y, z, x  C3xyz2,</content>
        </line>
        <line Align="Left" leftIndent="36">
            <content style="Body">      y, x, z  Sig_d_xy,</content>
        </line>
        <line Align="Left" leftIndent="36">
            <content style="Body">      z, y, x  Sig_d_xz,</content>
        </line>
        <line Align="Left" leftIndent="36">
            <content style="Body">      x, z, y  Sig_d_yz</content>
        </line>
        <line Align="Left" leftIndent="36">
            <content style="Normal"></content>
        </line>
        <line Align="Left" leftIndent="36">
            <content style="Body">  *BR*</content>
        </line>
        <line Align="Left" leftIndent="36">
            <content style="Normal"></content>
        </line>
        <line Align="Left" leftIndent="36">
            <content style="Custom28">S6xyz</content>
        </line>
        <line Align="Left" leftIndent="36">
            <content style="Body">     Symmetry which maps an axis onto all 6 x,y,z axes</content>
        </line>
        <line Align="Left" leftIndent="36">
            <content style="Body">     6 elements</content>
        </line>
        <line Align="Left" leftIndent="36">
            <content style="Body">        x, y, z  E,</content>
        </line>
        <line Align="Left" leftIndent="36">
            <content style="Body">        z, x, y  C3xyz,</content>
        </line>
        <line Align="Left" leftIndent="36">
            <content style="Body">        y, z, x  C3xyz2,</content>
        </line>
        <line Align="Left" leftIndent="36">
            <content style="Body">       -x,-y,-z  i,</content>
        </line>
        <line Align="Left" leftIndent="36">
            <content style="Body">       -y,-z,-x  S6xyz,</content>
        </line>
        <line Align="Left" leftIndent="36">
            <content style="Body">       -z,-x,-y  S6xyz5</content>
        </line>
        <line Align="Left" leftIndent="36">
            <content style="Normal"></content>
        </line>
        <line Align="Left" leftIndent="36">
            <content style="Body"> *BR*</content>
        </line>
        <line Align="Left" leftIndent="36">
            <content style="Normal"></content>
        </line>
        <line Align="Left" leftIndent="36">
            <content style="Custom28">T</content>
        </line>
        <line Align="Left" leftIndent="36">
            <content style="Body">     The tetrahedral rotation subgroup</content>
        </line>
        <line Align="Left" leftIndent="36">
            <content style="Body">     12 elements</content>
        </line>
        <line Align="Left" leftIndent="36">
            <content style="Body">       x, y, z  E,</content>
        </line>
        <line Align="Left" leftIndent="36">
            <content style="Body">       z, x, y  C3xyz,</content>
        </line>
        <line Align="Left" leftIndent="36">
            <content style="Body">       y, z, x  C3xyz2</content>
        </line>
        <line Align="Left" leftIndent="36">
            <content style="Body">      -z,-x, y  C3xy'z',</content>
        </line>
        <line Align="Left" leftIndent="36">
            <content style="Body">      -y, z,-x  C3xy'z'2,</content>
        </line>
        <line Align="Left" leftIndent="36">
            <content style="Body">       z,-x,-y  C3x'yz',</content>
        </line>
        <line Align="Left" leftIndent="36">
            <content style="Body">      -y,-z, x  C3x'yz'2,</content>
        </line>
        <line Align="Left" leftIndent="36">
            <content style="Body">      -z, x,-y  C3x'y'z,</content>
        </line>
        <line Align="Left" leftIndent="36">
            <content style="Body">       y,-z,-x  C3x'y'z2,</content>
        </line>
        <line Align="Left" leftIndent="36">
            <content style="Body">       x,-y,-z  C2x,</content>
        </line>
        <line Align="Left" leftIndent="36">
            <content style="Body">      -x, y,-z  C2y,</content>
        </line>
        <line Align="Left" leftIndent="36">
            <content style="Body">      -x,-y, z  C2z,</content>
        </line>
        <line Align="Left" leftIndent="36">
            <content style="Normal"></content>
        </line>
        <line Align="Left" leftIndent="36">
            <content style="Body">        *BR*</content>
        </line>
        <line Align="Left" leftIndent="36">
            <content style="Normal"></content>
        </line>
        <line Align="Left" leftIndent="36">
            <content style="Custom28">Td</content>
        </line>
        <line Align="Left" leftIndent="36">
            <content style="Body">     The full tetrahedral subgroup</content>
        </line>
        <line Align="Left" leftIndent="36">
            <content style="Body">     24 elements</content>
        </line>
        <line Align="Left" leftIndent="36">
            <content style="Body">       *BR*</content>
        </line>
        <line Align="Left" leftIndent="36">
            <content style="Normal"></content>
        </line>
        <line Align="Left" leftIndent="36">
            <content style="Custom28">O</content>
        </line>
        <line Align="Left" leftIndent="36">
            <content style="Body">     The octahedral(cubic) rotation subgroup</content>
        </line>
        <line Align="Left" leftIndent="36">
            <content style="Body">     24 elements</content>
        </line>
        <line Align="Left" leftIndent="36">
            <content style="Normal"></content>
        </line>
        <line Align="Left" leftIndent="36">
            <content style="Body">        *BR*</content>
        </line>
        <line Align="Left" leftIndent="36">
            <content style="Normal"></content>
        </line>
        <line Align="Left" leftIndent="36">
            <content style="Custom28">Oh</content>
        </line>
        <line Align="Left" leftIndent="36">
            <content style="Body">     The full octahedral(cubic) group</content>
        </line>
        <line Align="Left" leftIndent="36">
            <content style="Body">     48 elements</content>
        </line>
        <line Align="Left">
            <content style="Normal"></content>
        </line>
        <line Align="Left">
            <content style="Normal"></content>
        </line>
    </contents>
</page>