<?xml version="1.0" encoding="UTF-8"?>
<page pageId="Page17" pageName="turnForToken:" title="">
    <abstract></abstract>
    <keywords></keywords>
    <contents>
        <line Align="Left">
            <content style="Custom1">-(</content>
            <content style="Custom14">RBK_Turn</content>
            <content style="Custom1">)</content>
            <content style="Custom15">turnForToken</content>
            <content style="Custom1">: (</content>
            <content style="Custom18">NSString</content>
            <content style="Custom1"> *)token;</content>
        </line>
        <line Align="Left">
            <content style="Custom1">*BR*</content>
        </line>
        <line Align="Left">
            <content style="Body">Parameters:</content>
        </line>
        <line Align="Left">
            <content style="Body">*BR*</content>
        </line>
        <line Align="Left" leftIndent="36">
            <content style="Body">token</content>
        </line>
        <line Align="Left" leftIndent="72">
            <content style="Body">the standard string representation for the turn.</content>
        </line>
        <line Align="Left">
            <content style="Body">*BR*</content>
        </line>
        <line Align="Left">
            <content style="Body">Returned Value:</content>
        </line>
        <line Align="Left">
            <content style="Body">*BR*</content>
        </line>
        <line Align="Left" leftIndent="36">
            <content style="Body">The corresponding enumeration value for the turn.</content>
        </line>
    </contents>
</page>