<?xml version="1.0" encoding="UTF-8"?>
<page pageId="Page14" pageName="randomConfiguration" title="">
    <abstract></abstract>
    <keywords></keywords>
    <contents>
        <line Align="Left">
            <content style="Custom1">-(</content>
            <content style="Custom18">NSString</content>
            <content style="Custom1"> *)</content>
            <content style="Custom15">randomConfiguration</content>
            <content style="Custom1">;</content>
        </line>
        <line Align="Left">
            <content style="Custom1">*BR*</content>
        </line>
        <line Align="Left">
            <content style="Body">Returned Value:</content>
        </line>
        <line Align="Left" leftIndent="36">
            <content style="Body">A randomly generated standard configuration string</content>
        </line>
    </contents>
</page>