<?xml version="1.0" encoding="UTF-8"?>
<page pageId="Page62" pageName="Generator For States" title="">
    <abstract></abstract>
    <keywords></keywords>
    <contents>
        <line Align="Left">
            <content style="Body">Find an optimal q-turn generator sequence for the input</content>
        </line>
        <line Align="Left">
            <content style="Body">*BR*</content>
        </line>
        <line Align="Left">
            <content style="Body">PARAMETERS:</content>
        </line>
        <line Align="Left" leftIndent="36">
            <content style="Body">A list of CubieModel states each on a separate line.  A state may be represented as a turn sequence, a standard configuration string or a GAP cycle string.  In addition the key word </content>
            <content style="Body bold">Random</content>
            <content style="Body"> will be converted to a randomly generated cube state.</content>
        </line>
        <line Align="Left">
            <content style="Body">*BR*</content>
        </line>
        <line Align="Left">
            <content style="Body">DISCUSSION:</content>
        </line>
        <line Align="Left">
            <content style="Body">	Example input:</content>
        </line>
        <line Align="Left">
            <content style="Body">*BR*</content>
        </line>
        <line Align="Left">
            <content style="Normal"></content>
        </line>
        <line Align="Left" leftIndent="72">
            <content style="Body">D R F' R' D' U R' F' R' F R F R F U' F' (16q)</content>
        </line>
        <line Align="Left" leftIndent="72">
            <content style="Body">random</content>
        </line>
        <line Align="Left">
            <content style="Body">*BR*</content>
        </line>
        <line Align="Left">
            <content style="Normal"></content>
        </line>
        <line Align="Left">
            <content style="Body">output:</content>
        </line>
        <line Align="Left">
            <content style="Body">*BR*</content>
        </line>
        <line Align="Left" leftIndent="36">
            <content style="Body">Generator for States</content>
        </line>
        <line Align="Left" leftIndent="36">
            <content style="Body">*BR*</content>
        </line>
        <line Align="Left" leftIndent="36">
            <content style="Body">Input: D R F' R' D' U R' F' R' F R F R F U' F' (16q)</content>
        </line>
        <line Align="Left" leftIndent="36">
            <content style="Body">Parsed as: D R F' R' D' U R' F' R' F R F R F U' F'</content>
        </line>
        <line Align="Left" leftIndent="36">
            <content style="Body">Configuration: UF RB RU UL LD DR DB LF FR DF UB BL RDB RBU RUF RFD LBD LDF LFU LUB</content>
        </line>
        <line Align="Left" leftIndent="36">
            <content style="Body">Generator: F U L' U' F' B L B' R L' D B D' R'  14q  14f</content>
        </line>
        <line Align="Left" leftIndent="36">
            <content style="Body">time: 00.03</content>
        </line>
        <line Align="Left" leftIndent="36">
            <content style="Body">*BR*</content>
        </line>
        <line Align="Left" leftIndent="36">
            <content style="Body">Input: random</content>
        </line>
        <line Align="Left" leftIndent="36">
            <content style="Body">Parsed as: RB DL UL FL FD DB UB RF UR DR UF LB BLU DBR ULF FDR FLD RUF DLB URB</content>
        </line>
        <line Align="Left" leftIndent="36">
            <content style="Body">Configuration: RB DL UL FL FD DB UB RF UR DR UF LB BLU DBR ULF FDR FLD RUF DLB URB</content>
        </line>
        <line Align="Left" leftIndent="36">
            <content style="Body">Generator: F R D' L' F' U' F' D' R D F' U B' L D F U' F L' D' B'  21q  21f</content>
        </line>
        <line Align="Left" leftIndent="36">
            <content style="Body">time: 33.39</content>
        </line>
    </contents>
</page>