<?xml version="1.0" encoding="UTF-8"?>
<page pageId="Page39" pageName="MetalRotationForSymtag:" title="">
    <abstract></abstract>
    <keywords></keywords>
    <contents>
        <line Align="Left">
            <content style="Custom1">-(</content>
            <content style="Custom24">OSG_ROTATION</content>
            <content style="Custom1">)</content>
            <content style="Custom26">MetalRotationForSymtag</content>
            <content style="Custom1">: (</content>
            <content style="Custom24">OSG_SYMTAG</content>
            <content style="Custom1">)tag;</content>
        </line>
        <line Align="Left">
            <content style="Custom22">*BR*</content>
        </line>
        <line Align="Left">
            <content style="Custom22">Parameters:</content>
        </line>
        <line Align="Left">
            <content style="Custom22">*BR*</content>
        </line>
        <line Align="Left" leftIndent="36">
            <content style="Custom22">tag	</content>
        </line>
        <line Align="Left" leftIndent="72">
            <content style="Custom22">The symtag of the desired symmetry element</content>
        </line>
        <line Align="Left">
            <content style="Custom22">*BR*</content>
        </line>
        <line Align="Left">
            <content style="Custom22">Returned Value:</content>
        </line>
        <line Align="Left">
            <content style="Custom22">*BR*</content>
        </line>
        <line Align="Left" leftIndent="36">
            <content style="Custom22">Returns the angle in radians and rotation axis vector for the symmetry element appropriate for Metal's left hand coordinates.  Note, in accordance with the Right-Hand-Rule positive angles are CCW and negative angles are CW.</content>
        </line>
    </contents>
</page>