<?xml version="1.0" encoding="UTF-8"?>
<page pageId="Page30" pageName="subgroupFromGenerators:" title="">
    <abstract></abstract>
    <keywords></keywords>
    <contents>
        <line Align="Left">
            <content style="Custom1">-(</content>
            <content style="Custom23">NSArray</content>
            <content style="Custom1"> *)</content>
            <content style="Custom26">subgroupFromGenerators</content>
            <content style="Custom1">: (</content>
            <content style="Custom23">NSArray</content>
            <content style="Custom1"> *)generators;</content>
        </line>
        <line Align="Left">
            <content style="Custom22">*BR*</content>
        </line>
        <line Align="Left">
            <content style="Custom22">Parameters:</content>
        </line>
        <line Align="Left">
            <content style="Custom22">*BR*</content>
        </line>
        <line Align="Left" leftIndent="36">
            <content style="Custom22">generators	</content>
        </line>
        <line Align="Left" leftIndent="72">
            <content style="Custom22">NSArray object contain a list of keys, i.e " x, z,-y", for the generator elements</content>
        </line>
        <line Align="Left" leftIndent="36">
            <content style="Custom22">*BR*</content>
        </line>
        <line Align="Left">
            <content style="Custom22">Returned Value:</content>
        </line>
        <line Align="Left">
            <content style="Custom22">*BR*</content>
        </line>
        <line Align="Left" leftIndent="36">
            <content style="Custom22">The group closure of the generators as an NSArray object of strings of the form @"N" where N is a valid symtag.  </content>
        </line>
    </contents>
</page>