<?xml version="1.0" encoding="UTF-8"?>
<page pageId="Page15" pageName="stateForTurn:" title="">
    <abstract></abstract>
    <keywords></keywords>
    <contents>
        <line Align="Left">
            <content style="Custom1">-(</content>
            <content style="Custom18">NSData</content>
            <content style="Custom1"> *)</content>
            <content style="Custom15">stateForTurn</content>
            <content style="Custom1">: (</content>
            <content style="Custom14">RBK_Turn</content>
            <content style="Custom1">)turn;</content>
        </line>
        <line Align="Left">
            <content style="Custom1">*BR*</content>
        </line>
        <line Align="Left">
            <content style="Body">Parameters:</content>
        </line>
        <line Align="Left">
            <content style="Body">*BR*</content>
        </line>
        <line Align="Left" leftIndent="36">
            <content style="Body">turn	</content>
        </line>
        <line Align="Left" leftIndent="72">
            <content style="Body">the desired turn.</content>
        </line>
        <line Align="Left">
            <content style="Body">*BR*</content>
        </line>
        <line Align="Left">
            <content style="Body">Returned Value:</content>
        </line>
        <line Align="Left">
            <content style="Body">*BR*</content>
        </line>
        <line Align="Left" leftIndent="36">
            <content style="Body">The corresponding state representation.  The default method returns </content>
            <content style="Custom32">nil</content>
            <content style="Body">. Subclasses must override stateForConfiguration: for this method to return a valid result.</content>
        </line>
    </contents>
</page>