<?xml version="1.0" encoding="UTF-8"?>
<page pageId="Page52" pageName="stateForTurnString:" title="">
    <abstract></abstract>
    <keywords></keywords>
    <contents>
        <line Align="Left">
            <content style="Custom1">-(</content>
            <content style="Custom31">NSData</content>
            <content style="Custom1"> *)</content>
            <content style="Custom33">stateForTurnString</content>
            <content style="Custom1">: (</content>
            <content style="Custom31">NSString</content>
            <content style="Custom1"> *)turnString;</content>
        </line>
        <line Align="Left">
            <content style="Custom1">*BR*</content>
        </line>
        <line Align="Left">
            <content style="Normal"></content>
        </line>
        <line Align="Left">
            <content style="Body">Parameters:</content>
        </line>
        <line Align="Left">
            <content style="Body">*BR*</content>
        </line>
        <line Align="Left" leftIndent="36">
            <content style="Body">turnString</content>
        </line>
        <line Align="Left" leftIndent="72">
            <content style="Body">A standard turn string</content>
        </line>
        <line Align="Left">
            <content style="Body">*BR*</content>
        </line>
        <line Align="Left">
            <content style="Body">Returned Value:</content>
        </line>
        <line Align="Left">
            <content style="Body">*BR*</content>
        </line>
        <line Align="Justify" leftIndent="36">
            <content style="Body">The CubieModel group element formed by applying the turn sequence in turnString to the identity cube.</content>
        </line>
    </contents>
</page>