<?xml version="1.0" encoding="UTF-8"?>
<page pageId="Page46" pageName="CubieModelSolver" title="">
    <abstract></abstract>
    <keywords></keywords>
    <contents>
        <line Align="Justify">
            <content style="Body">The CubieModelSolver class subclasses CubieModel and implements an IDA q-turn solver for the Cube group.  An IDA solver (iterative deepening algorithm) performs a depth first walk through the move tree looking for a sequence of moves that take the problem state to identity.  First it tries all sequences of one move, then all sequences of two moves, then three and so forth.</content>
        </line>
        <line Align="Justify">
            <content style="Body">*BR*  </content>
        </line>
        <line Align="Justify">
            <content style="Body">There are twelve q-turns so with each depth the number of turn sequence goes up by a factor of twelve.  This branching factor may be reduced by eliminating redundant short turn sequences.  A sequence such as R R' need not be considered since it just takes the search back to the previous node.  R L is the same as L R since turns of opposite faces commute.  The PathIterator class addresses this issue of redundant short turn sequences.  It performs a "god's algorithm" calculation out to depth 5 and constructs a linked list of moves which visits each node only once.  The depth 5 nodes are then linked back to the equivalent depth 3 nodes.  Using this the branching factor is reduced to about 9.37 which is close to the actual branching factor 9.34.</content>
        </line>
        <line Align="Justify">
            <content style="Body">*BR*</content>
        </line>
        <line Align="Justify">
            <content style="Normal"></content>
        </line>
        <table>
            <row>
                <column height="20.73047" color="#000000" rowSpan="1" width="44" borderWidth="1" VerticalAlign="top" background-color="transparent" columnSpan="1">
                    <line Align="Left">
                        <content style="Normal"></content>
                    </line>
                </column>
                <column height="20.73047" color="#000000" rowSpan="1" width="155" borderWidth="1" VerticalAlign="top" background-color="transparent" columnSpan="1">
                    <line Align="Left">
                        <content style="Body">Cube Group</content>
                    </line>
                </column>
                <column height="20.73047" color="#000000" rowSpan="1" width="62" borderWidth="1" VerticalAlign="top" background-color="transparent" columnSpan="1">
                    <line Align="Left">
                        <content style="Normal"></content>
                    </line>
                </column>
                <column height="20.73047" color="#000000" rowSpan="1" width="163" borderWidth="1" VerticalAlign="top" background-color="transparent" columnSpan="1">
                    <line Align="Left">
                        <content style="Body">PathIterator</content>
                    </line>
                </column>
                <column height="20.73047" color="#000000" rowSpan="1" width="69" borderWidth="1" VerticalAlign="top" background-color="transparent" columnSpan="1">
                    <line Align="Left">
                        <content style="Normal"></content>
                    </line>
                </column>
            </row>
            <row>
                <column height="1" color="#000000" rowSpan="1" width="44" borderWidth="1" VerticalAlign="top" background-color="transparent" columnSpan="1">
                    <line Align="Left">
                        <content style="Body">Depth</content>
                    </line>
                </column>
                <column height="1" color="#000000" rowSpan="1" width="155" borderWidth="1" VerticalAlign="top" background-color="transparent" columnSpan="1">
                    <line Align="Left">
                        <content style="Body">Nodes</content>
                    </line>
                </column>
                <column height="1" color="#000000" rowSpan="1" width="62" borderWidth="1" VerticalAlign="top" background-color="transparent" columnSpan="1">
                    <line Align="Left">
                        <content style="Body">Branch Factor</content>
                    </line>
                </column>
                <column height="1" color="#000000" rowSpan="1" width="163" borderWidth="1" VerticalAlign="top" background-color="transparent" columnSpan="1">
                    <line Align="Left">
                        <content style="Body">Nodes</content>
                    </line>
                </column>
                <column height="1" color="#000000" rowSpan="1" width="69" borderWidth="1" VerticalAlign="top" background-color="transparent" columnSpan="1">
                    <line Align="Left">
                        <content style="Body">Branch Factor</content>
                    </line>
                </column>
            </row>
            <row>
                <column height="11" color="#000000" rowSpan="1" width="44" borderWidth="1" VerticalAlign="top" background-color="transparent" columnSpan="1">
                    <line Align="Left">
                        <content style="Body">0</content>
                    </line>
                </column>
                <column height="19" color="#000000" rowSpan="1" width="155" borderWidth="1" VerticalAlign="bottom" background-color="transparent" columnSpan="1">
                    <line Align="Left">
                        <content style="Body">1</content>
                    </line>
                </column>
                <column height="11" color="#000000" rowSpan="1" width="62" borderWidth="1" VerticalAlign="top" background-color="transparent" columnSpan="1">
                    <line Align="Left">
                        <content style="Normal"></content>
                    </line>
                </column>
                <column height="11" color="#000000" rowSpan="1" width="163" borderWidth="1" VerticalAlign="top" background-color="transparent" columnSpan="1">
                    <line Align="Left">
                        <content style="Normal"></content>
                    </line>
                </column>
                <column height="11" color="#000000" rowSpan="1" width="69" borderWidth="1" VerticalAlign="top" background-color="transparent" columnSpan="1">
                    <line Align="Left">
                        <content style="Normal"></content>
                    </line>
                </column>
            </row>
            <row>
                <column height="11" color="#000000" rowSpan="1" width="44" borderWidth="1" VerticalAlign="top" background-color="transparent" columnSpan="1">
                    <line Align="Left">
                        <content style="Body">1</content>
                    </line>
                </column>
                <column height="19" color="#000000" rowSpan="1" width="155" borderWidth="1" VerticalAlign="bottom" background-color="transparent" columnSpan="1">
                    <line Align="Left">
                        <content style="Body">12</content>
                    </line>
                </column>
                <column height="19" color="#000000" rowSpan="1" width="62" borderWidth="1" VerticalAlign="bottom" background-color="transparent" columnSpan="1">
                    <line Align="Left">
                        <content style="Body">12</content>
                    </line>
                </column>
                <column height="19" color="#000000" rowSpan="1" width="163" borderWidth="1" VerticalAlign="bottom" background-color="transparent" columnSpan="1">
                    <line Align="Left">
                        <content style="Body">12</content>
                    </line>
                </column>
                <column height="19" color="#000000" rowSpan="1" width="69" borderWidth="1" VerticalAlign="bottom" background-color="transparent" columnSpan="1">
                    <line Align="Left">
                        <content style="Body">12</content>
                    </line>
                </column>
            </row>
            <row>
                <column height="11" color="#000000" rowSpan="1" width="44" borderWidth="1" VerticalAlign="top" background-color="transparent" columnSpan="1">
                    <line Align="Left">
                        <content style="Body">2</content>
                    </line>
                </column>
                <column height="19" color="#000000" rowSpan="1" width="155" borderWidth="1" VerticalAlign="bottom" background-color="transparent" columnSpan="1">
                    <line Align="Left">
                        <content style="Body">114</content>
                    </line>
                </column>
                <column height="19" color="#000000" rowSpan="1" width="62" borderWidth="1" VerticalAlign="bottom" background-color="transparent" columnSpan="1">
                    <line Align="Left">
                        <content style="Body">9.5</content>
                    </line>
                </column>
                <column height="19" color="#000000" rowSpan="1" width="163" borderWidth="1" VerticalAlign="bottom" background-color="transparent" columnSpan="1">
                    <line Align="Left">
                        <content style="Body">114</content>
                    </line>
                </column>
                <column height="19" color="#000000" rowSpan="1" width="69" borderWidth="1" VerticalAlign="bottom" background-color="transparent" columnSpan="1">
                    <line Align="Left">
                        <content style="Body">9.5</content>
                    </line>
                </column>
            </row>
            <row>
                <column height="11" color="#000000" rowSpan="1" width="44" borderWidth="1" VerticalAlign="top" background-color="transparent" columnSpan="1">
                    <line Align="Left">
                        <content style="Body">3</content>
                    </line>
                </column>
                <column height="19" color="#000000" rowSpan="1" width="155" borderWidth="1" VerticalAlign="bottom" background-color="transparent" columnSpan="1">
                    <line Align="Left">
                        <content style="Body">1,068</content>
                    </line>
                </column>
                <column height="19" color="#000000" rowSpan="1" width="62" borderWidth="1" VerticalAlign="bottom" background-color="transparent" columnSpan="1">
                    <line Align="Left">
                        <content style="Body">9.37</content>
                    </line>
                </column>
                <column height="19" color="#000000" rowSpan="1" width="163" borderWidth="1" VerticalAlign="bottom" background-color="transparent" columnSpan="1">
                    <line Align="Left">
                        <content style="Body">1,068</content>
                    </line>
                </column>
                <column height="19" color="#000000" rowSpan="1" width="69" borderWidth="1" VerticalAlign="bottom" background-color="transparent" columnSpan="1">
                    <line Align="Left">
                        <content style="Body">9.37</content>
                    </line>
                </column>
            </row>
            <row>
                <column height="11" color="#000000" rowSpan="1" width="44" borderWidth="1" VerticalAlign="top" background-color="transparent" columnSpan="1">
                    <line Align="Left">
                        <content style="Body">4</content>
                    </line>
                </column>
                <column height="19" color="#000000" rowSpan="1" width="155" borderWidth="1" VerticalAlign="bottom" background-color="transparent" columnSpan="1">
                    <line Align="Left">
                        <content style="Body">10,011</content>
                    </line>
                </column>
                <column height="19" color="#000000" rowSpan="1" width="62" borderWidth="1" VerticalAlign="bottom" background-color="transparent" columnSpan="1">
                    <line Align="Left">
                        <content style="Body">9.37</content>
                    </line>
                </column>
                <column height="19" color="#000000" rowSpan="1" width="163" borderWidth="1" VerticalAlign="bottom" background-color="transparent" columnSpan="1">
                    <line Align="Left">
                        <content style="Body">10,011</content>
                    </line>
                </column>
                <column height="19" color="#000000" rowSpan="1" width="69" borderWidth="1" VerticalAlign="bottom" background-color="transparent" columnSpan="1">
                    <line Align="Left">
                        <content style="Body">9.37</content>
                    </line>
                </column>
            </row>
            <row>
                <column height="11" color="#000000" rowSpan="1" width="44" borderWidth="1" VerticalAlign="top" background-color="transparent" columnSpan="1">
                    <line Align="Left">
                        <content style="Body">5</content>
                    </line>
                </column>
                <column height="19" color="#000000" rowSpan="1" width="155" borderWidth="1" VerticalAlign="bottom" background-color="transparent" columnSpan="1">
                    <line Align="Left">
                        <content style="Body">93,840</content>
                    </line>
                </column>
                <column height="19" color="#000000" rowSpan="1" width="62" borderWidth="1" VerticalAlign="bottom" background-color="transparent" columnSpan="1">
                    <line Align="Left">
                        <content style="Body">9.37</content>
                    </line>
                </column>
                <column height="19" color="#000000" rowSpan="1" width="163" borderWidth="1" VerticalAlign="bottom" background-color="transparent" columnSpan="1">
                    <line Align="Left">
                        <content style="Body">93,840</content>
                    </line>
                </column>
                <column height="19" color="#000000" rowSpan="1" width="69" borderWidth="1" VerticalAlign="bottom" background-color="transparent" columnSpan="1">
                    <line Align="Left">
                        <content style="Body">9.37</content>
                    </line>
                </column>
            </row>
            <row>
                <column height="11" color="#000000" rowSpan="1" width="44" borderWidth="1" VerticalAlign="top" background-color="transparent" columnSpan="1">
                    <line Align="Left">
                        <content style="Body">6</content>
                    </line>
                </column>
                <column height="19" color="#000000" rowSpan="1" width="155" borderWidth="1" VerticalAlign="bottom" background-color="transparent" columnSpan="1">
                    <line Align="Left">
                        <content style="Body">878,880</content>
                    </line>
                </column>
                <column height="19" color="#000000" rowSpan="1" width="62" borderWidth="1" VerticalAlign="bottom" background-color="transparent" columnSpan="1">
                    <line Align="Left">
                        <content style="Body">9.37</content>
                    </line>
                </column>
                <column height="19" color="#000000" rowSpan="1" width="163" borderWidth="1" VerticalAlign="bottom" background-color="transparent" columnSpan="1">
                    <line Align="Left">
                        <content style="Body">879,624</content>
                    </line>
                </column>
                <column height="19" color="#000000" rowSpan="1" width="69" borderWidth="1" VerticalAlign="bottom" background-color="transparent" columnSpan="1">
                    <line Align="Left">
                        <content style="Body">9.37</content>
                    </line>
                </column>
            </row>
            <row>
                <column height="11" color="#000000" rowSpan="1" width="44" borderWidth="1" VerticalAlign="top" background-color="transparent" columnSpan="1">
                    <line Align="Left">
                        <content style="Body">7</content>
                    </line>
                </column>
                <column height="19" color="#000000" rowSpan="1" width="155" borderWidth="1" VerticalAlign="bottom" background-color="transparent" columnSpan="1">
                    <line Align="Left">
                        <content style="Body">8,221,632</content>
                    </line>
                </column>
                <column height="19" color="#000000" rowSpan="1" width="62" borderWidth="1" VerticalAlign="bottom" background-color="transparent" columnSpan="1">
                    <line Align="Left">
                        <content style="Body">9.35</content>
                    </line>
                </column>
                <column height="19" color="#000000" rowSpan="1" width="163" borderWidth="1" VerticalAlign="bottom" background-color="transparent" columnSpan="1">
                    <line Align="Left">
                        <content style="Body">8,245,296</content>
                    </line>
                </column>
                <column height="19" color="#000000" rowSpan="1" width="69" borderWidth="1" VerticalAlign="bottom" background-color="transparent" columnSpan="1">
                    <line Align="Left">
                        <content style="Body">9.37</content>
                    </line>
                </column>
            </row>
            <row>
                <column height="11" color="#000000" rowSpan="1" width="44" borderWidth="1" VerticalAlign="top" background-color="transparent" columnSpan="1">
                    <line Align="Left">
                        <content style="Body">8</content>
                    </line>
                </column>
                <column height="19" color="#000000" rowSpan="1" width="155" borderWidth="1" VerticalAlign="bottom" background-color="transparent" columnSpan="1">
                    <line Align="Left">
                        <content style="Body">76,843,595</content>
                    </line>
                </column>
                <column height="19" color="#000000" rowSpan="1" width="62" borderWidth="1" VerticalAlign="bottom" background-color="transparent" columnSpan="1">
                    <line Align="Left">
                        <content style="Body">9.35</content>
                    </line>
                </column>
                <column height="19" color="#000000" rowSpan="1" width="163" borderWidth="1" VerticalAlign="bottom" background-color="transparent" columnSpan="1">
                    <line Align="Left">
                        <content style="Body">77,288,598</content>
                    </line>
                </column>
                <column height="19" color="#000000" rowSpan="1" width="69" borderWidth="1" VerticalAlign="bottom" background-color="transparent" columnSpan="1">
                    <line Align="Left">
                        <content style="Body">9.37</content>
                    </line>
                </column>
            </row>
            <row>
                <column height="11" color="#000000" rowSpan="1" width="44" borderWidth="1" VerticalAlign="top" background-color="transparent" columnSpan="1">
                    <line Align="Left">
                        <content style="Body">9</content>
                    </line>
                </column>
                <column height="19" color="#000000" rowSpan="1" width="155" borderWidth="1" VerticalAlign="bottom" background-color="transparent" columnSpan="1">
                    <line Align="Left">
                        <content style="Body">717,789,576</content>
                    </line>
                </column>
                <column height="19" color="#000000" rowSpan="1" width="62" borderWidth="1" VerticalAlign="bottom" background-color="transparent" columnSpan="1">
                    <line Align="Left">
                        <content style="Body">9.34</content>
                    </line>
                </column>
                <column height="19" color="#000000" rowSpan="1" width="163" borderWidth="1" VerticalAlign="bottom" background-color="transparent" columnSpan="1">
                    <line Align="Left">
                        <content style="Body">724,477,008</content>
                    </line>
                </column>
                <column height="19" color="#000000" rowSpan="1" width="69" borderWidth="1" VerticalAlign="bottom" background-color="transparent" columnSpan="1">
                    <line Align="Left">
                        <content style="Body">9.37</content>
                    </line>
                </column>
            </row>
            <row>
                <column height="11" color="#000000" rowSpan="1" width="44" borderWidth="1" VerticalAlign="top" background-color="transparent" columnSpan="1">
                    <line Align="Left">
                        <content style="Body">10</content>
                    </line>
                </column>
                <column height="19" color="#000000" rowSpan="1" width="155" borderWidth="1" VerticalAlign="bottom" background-color="transparent" columnSpan="1">
                    <line Align="Left">
                        <content style="Body">6,701,836,858</content>
                    </line>
                </column>
                <column height="19" color="#000000" rowSpan="1" width="62" borderWidth="1" VerticalAlign="bottom" background-color="transparent" columnSpan="1">
                    <line Align="Left">
                        <content style="Body">9.34</content>
                    </line>
                </column>
                <column height="19" color="#000000" rowSpan="1" width="163" borderWidth="1" VerticalAlign="bottom" background-color="transparent" columnSpan="1">
                    <line Align="Left">
                        <content style="Body">6,791,000,856</content>
                    </line>
                </column>
                <column height="19" color="#000000" rowSpan="1" width="69" borderWidth="1" VerticalAlign="bottom" background-color="transparent" columnSpan="1">
                    <line Align="Left">
                        <content style="Body">9.37</content>
                    </line>
                </column>
            </row>
            <row>
                <column height="11" color="#000000" rowSpan="1" width="44" borderWidth="1" VerticalAlign="top" background-color="transparent" columnSpan="1">
                    <line Align="Left">
                        <content style="Body">11</content>
                    </line>
                </column>
                <column height="19" color="#000000" rowSpan="1" width="155" borderWidth="1" VerticalAlign="bottom" background-color="transparent" columnSpan="1">
                    <line Align="Left">
                        <content style="Body">62,549,615,248</content>
                    </line>
                </column>
                <column height="19" color="#000000" rowSpan="1" width="62" borderWidth="1" VerticalAlign="bottom" background-color="transparent" columnSpan="1">
                    <line Align="Left">
                        <content style="Body">9.33</content>
                    </line>
                </column>
                <column height="19" color="#000000" rowSpan="1" width="163" borderWidth="1" VerticalAlign="bottom" background-color="transparent" columnSpan="1">
                    <line Align="Left">
                        <content style="Body">63,656,530,320</content>
                    </line>
                </column>
                <column height="19" color="#000000" rowSpan="1" width="69" borderWidth="1" VerticalAlign="bottom" background-color="transparent" columnSpan="1">
                    <line Align="Left">
                        <content style="Body">9.37</content>
                    </line>
                </column>
            </row>
            <row>
                <column height="16.6875" color="#000000" rowSpan="1" width="44" borderWidth="1" VerticalAlign="top" background-color="transparent" columnSpan="1">
                    <line Align="Left">
                        <content style="Body">12</content>
                    </line>
                </column>
                <column height="24.6875" color="#000000" rowSpan="1" width="155" borderWidth="1" VerticalAlign="bottom" background-color="transparent" columnSpan="1">
                    <line Align="Left">
                        <content style="Body">583,570,100,997</content>
                    </line>
                </column>
                <column height="24.6875" color="#000000" rowSpan="1" width="62" borderWidth="1" VerticalAlign="bottom" background-color="transparent" columnSpan="1">
                    <line Align="Left">
                        <content style="Body">9.33</content>
                    </line>
                </column>
                <column height="24.6875" color="#000000" rowSpan="1" width="163" borderWidth="1" VerticalAlign="bottom" background-color="transparent" columnSpan="1">
                    <line Align="Left">
                        <content style="Body">596,694,646,092</content>
                    </line>
                </column>
                <column height="24.6875" color="#000000" rowSpan="1" width="69" borderWidth="1" VerticalAlign="bottom" background-color="transparent" columnSpan="1">
                    <line Align="Left">
                        <content style="Body">9.37</content>
                    </line>
                </column>
            </row>
            <row>
                <column height="1" color="#000000" rowSpan="1" width="44" borderWidth="1" VerticalAlign="top" background-color="transparent" columnSpan="1">
                    <line Align="Left">
                        <content style="Body">13</content>
                    </line>
                </column>
                <column height="2.203125" color="#000000" rowSpan="1" width="155" borderWidth="1" VerticalAlign="bottom" background-color="transparent" columnSpan="1">
                    <line Align="Left">
                        <content style="Body">5,442,351,625,028</content>
                    </line>
                </column>
                <column height="2.203125" color="#000000" rowSpan="1" width="62" borderWidth="1" VerticalAlign="bottom" background-color="transparent" columnSpan="1">
                    <line Align="Left">
                        <content style="Body">9.33</content>
                    </line>
                </column>
                <column height="2.203125" color="#000000" rowSpan="1" width="163" borderWidth="1" VerticalAlign="bottom" background-color="transparent" columnSpan="1">
                    <line Align="Left">
                        <content style="Normal"></content>
                    </line>
                </column>
                <column height="2.203125" color="#000000" rowSpan="1" width="69" borderWidth="1" VerticalAlign="bottom" background-color="transparent" columnSpan="1">
                    <line Align="Left">
                        <content style="Normal"></content>
                    </line>
                    <line Align="Left">
                        <content style="Normal"></content>
                    </line>
                </column>
            </row>
        </table>
        <line Align="Left">
            <content style="Normal"></content>
        </line>
        <line Align="Justify">
            <content style="Body">*BR*</content>
        </line>
        <line Align="Justify">
            <content style="Body">Even after this front end pruning the number of turn sequences the solver must consider quickly grows to a prohibitively high number.  To reduce this the solver employs a pruning table which lists the number of turns necessary to solve the cubies of the up face.  Using this table at each node the solver can ask the question, can the up face be solved in the turns left to the target depth.  If not then the whole cube certainly cannot be solved in the target depth and the solver can forget about that node.  No solution will be found by adding turns to the node.  In this way the solver lops branches off of the search tree and reduces the number of turn sequences it has to consider to a manageable number.</content>
        </line>
        <line Align="Left">
            <content style="Body">*BR*</content>
        </line>
        <line Align="Left">
            <content style="Body">The number of positions possible for the eight cubies of the Up face may be calculated:</content>
        </line>
        <line Align="Left">
            <content style="Body">*BR*</content>
        </line>
        <line Align="Left" leftIndent="36">
            <content style="Body">(24 * 22 * 20 * 18) * (24 * 21 * 18 * 15 ) = 25,866,086,400</content>
        </line>
        <line Align="Justify">
            <content style="Body">*BR*</content>
        </line>
        <line Align="Justify">
            <content style="Body">At one byte per entry this table would require 26 GB of RAM. The subgroup of the Cube group having the Up face solved has C4v symmetry.  This allows these 26 billion arrangements to be partitioned into symmetry equivalence classes by conjugation with the eight elements of the C4v symmetry group.  Since all members of an eq. class are at the same depth this reduces the size of the depth table nearly eight fold to some 3.2 billion entries.  Since none of the arrangements is deeper than depth 15, two entries can be stored in one byte, reducing the table size to 1.6 GB.  This will now comfortably fit  in the RAM of modern day Macs.</content>
        </line>
        <line Align="Justify">
            <content style="Body">*BR*</content>
        </line>
        <line Align="Justify">
            <content style="Body">The first time a user uses the solver this table must be initialized.  This will take 15 minutes or so.  The table will be stored in the user's home directory and will be loaded from disk from then on.  If one begrudges the 1.6 GB of disk space and wants to get rid of the table, it is stored in &lt;user&gt;/Library/Containers/Cube3x3x3 (in older versions of MacOS this may be com.Ambraw.Cube3x3x3.  Drag the Cube3x3x3 folder to the trash.  The user's library folder is normally hidden.  In the Finder open the Go menu, press the [option] key and the library folder will show up on the menu.</content>
        </line>
        <line Align="Justify">
            <content style="Body">*BR*</content>
        </line>
        <line Align="Left">
            <content style="Normal"></content>
        </line>
        <table>
            <row>
                <column height="11" color="#000000" rowSpan="1" width="56" borderWidth="1" VerticalAlign="top" background-color="transparent" columnSpan="1">
                    <line Align="Left">
                        <content style="Body">Depth</content>
                    </line>
                </column>
                <column height="11" color="#000000" rowSpan="1" width="124" borderWidth="1" VerticalAlign="top" background-color="transparent" columnSpan="1">
                    <line Align="Left">
                        <content style="Body">Cosets</content>
                    </line>
                </column>
            </row>
            <row>
                <column height="14" color="#000000" rowSpan="1" width="54" borderWidth="1" VerticalAlign="bottom" background-color="transparent" columnSpan="1">
                    <line Align="Left">
                        <content style="Body">0</content>
                    </line>
                </column>
                <column height="14" color="#000000" rowSpan="1" width="122" borderWidth="1" VerticalAlign="bottom" background-color="transparent" columnSpan="1">
                    <line Align="Left">
                        <content style="Body">1</content>
                    </line>
                </column>
            </row>
            <row>
                <column height="13" color="#000000" rowSpan="1" width="54" borderWidth="1" VerticalAlign="bottom" background-color="transparent" columnSpan="1">
                    <line Align="Left">
                        <content style="Body">1</content>
                    </line>
                </column>
                <column height="13" color="#000000" rowSpan="1" width="122" borderWidth="1" VerticalAlign="bottom" background-color="transparent" columnSpan="1">
                    <line Align="Left">
                        <content style="Body">2</content>
                    </line>
                </column>
            </row>
            <row>
                <column height="14" color="#000000" rowSpan="1" width="54" borderWidth="1" VerticalAlign="bottom" background-color="transparent" columnSpan="1">
                    <line Align="Left">
                        <content style="Body">2</content>
                    </line>
                </column>
                <column height="14" color="#000000" rowSpan="1" width="122" borderWidth="1" VerticalAlign="bottom" background-color="transparent" columnSpan="1">
                    <line Align="Left">
                        <content style="Body">14</content>
                    </line>
                </column>
            </row>
            <row>
                <column height="13" color="#000000" rowSpan="1" width="54" borderWidth="1" VerticalAlign="bottom" background-color="transparent" columnSpan="1">
                    <line Align="Left">
                        <content style="Body">3</content>
                    </line>
                </column>
                <column height="13" color="#000000" rowSpan="1" width="122" borderWidth="1" VerticalAlign="bottom" background-color="transparent" columnSpan="1">
                    <line Align="Left">
                        <content style="Body">111</content>
                    </line>
                </column>
            </row>
            <row>
                <column height="13" color="#000000" rowSpan="1" width="54" borderWidth="1" VerticalAlign="bottom" background-color="transparent" columnSpan="1">
                    <line Align="Left">
                        <content style="Body">4</content>
                    </line>
                </column>
                <column height="13" color="#000000" rowSpan="1" width="122" borderWidth="1" VerticalAlign="bottom" background-color="transparent" columnSpan="1">
                    <line Align="Left">
                        <content style="Body">987</content>
                    </line>
                </column>
            </row>
            <row>
                <column height="14" color="#000000" rowSpan="1" width="54" borderWidth="1" VerticalAlign="bottom" background-color="transparent" columnSpan="1">
                    <line Align="Left">
                        <content style="Body">5</content>
                    </line>
                </column>
                <column height="14" color="#000000" rowSpan="1" width="122" borderWidth="1" VerticalAlign="bottom" background-color="transparent" columnSpan="1">
                    <line Align="Left">
                        <content style="Body">8,438</content>
                    </line>
                </column>
            </row>
            <row>
                <column height="13" color="#000000" rowSpan="1" width="54" borderWidth="1" VerticalAlign="bottom" background-color="transparent" columnSpan="1">
                    <line Align="Left">
                        <content style="Body">6</content>
                    </line>
                </column>
                <column height="13" color="#000000" rowSpan="1" width="122" borderWidth="1" VerticalAlign="bottom" background-color="transparent" columnSpan="1">
                    <line Align="Left">
                        <content style="Body">71,682</content>
                    </line>
                </column>
            </row>
            <row>
                <column height="13" color="#000000" rowSpan="1" width="54" borderWidth="1" VerticalAlign="bottom" background-color="transparent" columnSpan="1">
                    <line Align="Left">
                        <content style="Body">7</content>
                    </line>
                </column>
                <column height="13" color="#000000" rowSpan="1" width="122" borderWidth="1" VerticalAlign="bottom" background-color="transparent" columnSpan="1">
                    <line Align="Left">
                        <content style="Body">598,267</content>
                    </line>
                </column>
            </row>
            <row>
                <column height="14" color="#000000" rowSpan="1" width="54" borderWidth="1" VerticalAlign="bottom" background-color="transparent" columnSpan="1">
                    <line Align="Left">
                        <content style="Body">8</content>
                    </line>
                </column>
                <column height="14" color="#000000" rowSpan="1" width="122" borderWidth="1" VerticalAlign="bottom" background-color="transparent" columnSpan="1">
                    <line Align="Left">
                        <content style="Body">4,847,521</content>
                    </line>
                </column>
            </row>
            <row>
                <column height="13" color="#000000" rowSpan="1" width="54" borderWidth="1" VerticalAlign="bottom" background-color="transparent" columnSpan="1">
                    <line Align="Left">
                        <content style="Body">9</content>
                    </line>
                </column>
                <column height="13" color="#000000" rowSpan="1" width="122" borderWidth="1" VerticalAlign="bottom" background-color="transparent" columnSpan="1">
                    <line Align="Left">
                        <content style="Body">36,556,989</content>
                    </line>
                </column>
            </row>
            <row>
                <column height="13" color="#000000" rowSpan="1" width="54" borderWidth="1" VerticalAlign="bottom" background-color="transparent" columnSpan="1">
                    <line Align="Left">
                        <content style="Body">10</content>
                    </line>
                </column>
                <column height="13" color="#000000" rowSpan="1" width="122" borderWidth="1" VerticalAlign="bottom" background-color="transparent" columnSpan="1">
                    <line Align="Left">
                        <content style="Body">235,594,520</content>
                    </line>
                </column>
            </row>
            <row>
                <column height="14" color="#000000" rowSpan="1" width="54" borderWidth="1" VerticalAlign="bottom" background-color="transparent" columnSpan="1">
                    <line Align="Left">
                        <content style="Body">11</content>
                    </line>
                </column>
                <column height="14" color="#000000" rowSpan="1" width="122" borderWidth="1" VerticalAlign="bottom" background-color="transparent" columnSpan="1">
                    <line Align="Left">
                        <content style="Body">1,021,008,864</content>
                    </line>
                </column>
            </row>
            <row>
                <column height="13" color="#000000" rowSpan="1" width="54" borderWidth="1" VerticalAlign="bottom" background-color="transparent" columnSpan="1">
                    <line Align="Left">
                        <content style="Body">12</content>
                    </line>
                </column>
                <column height="13" color="#000000" rowSpan="1" width="122" borderWidth="1" VerticalAlign="bottom" background-color="transparent" columnSpan="1">
                    <line Align="Left">
                        <content style="Body">1,660,480,380</content>
                    </line>
                </column>
            </row>
            <row>
                <column height="13" color="#000000" rowSpan="1" width="54" borderWidth="1" VerticalAlign="bottom" background-color="transparent" columnSpan="1">
                    <line Align="Left">
                        <content style="Body">13</content>
                    </line>
                </column>
                <column height="13" color="#000000" rowSpan="1" width="122" borderWidth="1" VerticalAlign="bottom" background-color="transparent" columnSpan="1">
                    <line Align="Left">
                        <content style="Body">312,510,617</content>
                    </line>
                </column>
            </row>
            <row>
                <column height="14" color="#000000" rowSpan="1" width="54" borderWidth="1" VerticalAlign="bottom" background-color="transparent" columnSpan="1">
                    <line Align="Left">
                        <content style="Body">14</content>
                    </line>
                </column>
                <column height="14" color="#000000" rowSpan="1" width="122" borderWidth="1" VerticalAlign="bottom" background-color="transparent" columnSpan="1">
                    <line Align="Left">
                        <content style="Body">358,720</content>
                    </line>
                </column>
            </row>
            <row>
                <column height="13" color="#000000" rowSpan="1" width="54" borderWidth="1" VerticalAlign="bottom" background-color="transparent" columnSpan="1">
                    <line Align="Left">
                        <content style="Body">15</content>
                    </line>
                </column>
                <column height="13" color="#000000" rowSpan="1" width="122" borderWidth="1" VerticalAlign="bottom" background-color="transparent" columnSpan="1">
                    <line Align="Left">
                        <content style="Body">7</content>
                    </line>
                </column>
            </row>
            <row>
                <column height="13" color="#000000" rowSpan="1" width="54" borderWidth="1" VerticalAlign="bottom" background-color="transparent" columnSpan="1">
                    <line Align="Left">
                        <content style="Body">16</content>
                    </line>
                </column>
                <column height="13" color="#000000" rowSpan="1" width="122" borderWidth="1" VerticalAlign="bottom" background-color="transparent" columnSpan="1">
                    <line Align="Left">
                        <content style="Body">0</content>
                    </line>
                </column>
            </row>
            <row>
                <column height="14" color="#000000" rowSpan="1" width="54" borderWidth="1" VerticalAlign="bottom" background-color="transparent" columnSpan="1">
                    <line Align="Left">
                        <content style="Body">Total</content>
                    </line>
                </column>
                <column height="14" color="#000000" rowSpan="1" width="122" borderWidth="1" VerticalAlign="bottom" background-color="transparent" columnSpan="1">
                    <line Align="Left">
                        <content style="Body">3,272,037,120</content>
                    </line>
                </column>
            </row>
        </table>
        <line Align="Left">
            <content style="Normal"></content>
        </line>
        <line Align="Justify">
            <content style="Custom41">*BR*</content>
        </line>
        <line Align="Justify">
            <content style="Custom41">The</content>
            <content style="Body"> above table shows that the pruning takes effect at 11 or 12 turns from the target depth.  Random cube states require on average 20 or 21 turns.  Thus the solver only has to search 8 or 9 turns deep to find a solution.  Still that amounts to something on the order of 100 million nodes.  The solver breaks the search tree into its primary branches and searches them in parallel, affording pretty fair performance.  On a vintage 2013 power Mac with 6 physical cores it averages about 40 sec. for a random cube position.</content>
        </line>
    </contents>
</page>