<?xml version="1.0" encoding="UTF-8"?>
<page pageId="Page19" pageName="identityState" title="">
    <abstract></abstract>
    <keywords></keywords>
    <contents>
        <line Align="Left">
            <content style="Custom1">-(</content>
            <content style="Custom18">NSData</content>
            <content style="Custom1"> *)</content>
            <content style="Custom15">identityState</content>
            <content style="Custom1">;</content>
        </line>
        <line Align="Left">
            <content style="Body">*BR*</content>
        </line>
        <line Align="Left">
            <content style="Body">Returned Value:</content>
        </line>
        <line Align="Left" leftIndent="36">
            <content style="Body">The representation for the Identity cube state.  The default method returns </content>
            <content style="Custom32">nil</content>
            <content style="Body">.  Subclasses must override this method to give a result appropriate to their representation.</content>
        </line>
    </contents>
</page>