<?xml version="1.0" encoding="UTF-8"?>
<page pageId="Page20" pageName="isValidConfiguration:" title="">
    <abstract></abstract>
    <keywords></keywords>
    <contents>
        <line Align="Left">
            <content style="Custom1">-(</content>
            <content style="Custom12">BOOL</content>
            <content style="Custom1">)</content>
            <content style="Custom15">isValidConfiguration</content>
            <content style="Custom1">: (</content>
            <content style="Custom18">NSString</content>
            <content style="Custom1"> *)config;</content>
        </line>
        <line Align="Left">
            <content style="Custom1">*BR*</content>
        </line>
        <line Align="Left">
            <content style="Body">Parameters:</content>
        </line>
        <line Align="Left">
            <content style="Body">*BR*</content>
        </line>
        <line Align="Left" leftIndent="36">
            <content style="Body">config</content>
        </line>
        <line Align="Left" leftIndent="72">
            <content style="Body">A proposed configuration string.</content>
        </line>
        <line Align="Left">
            <content style="Body">*BR*</content>
        </line>
        <line Align="Left">
            <content style="Body">Returned Value:</content>
        </line>
        <line Align="Left">
            <content style="Body">*BR*</content>
        </line>
        <line Align="Left" leftIndent="36">
            <content style="Body">The method vets the argument for form and parity restraints and returns whether it encodes a valid cube state.</content>
        </line>
    </contents>
</page>