<?xml version="1.0" encoding="UTF-8"?>
<page pageId="Page61" pageName="GAP for Turn Sequences" title="">
    <abstract></abstract>
    <keywords></keywords>
    <contents>
        <line Align="Left">
            <content style="Body">Convert standard turn sequences into GAP products.  Assumes the Cube face turns have been defined as in GAP Rubik Group Defs</content>
        </line>
        <line Align="Left">
            <content style="Body">*BR*</content>
        </line>
        <line Align="Left">
            <content style="Body">PARAMETERS:</content>
        </line>
        <line Align="Left" leftIndent="36">
            <content style="Body">Start: N</content>
        </line>
        <line Align="Left" leftIndent="72">
            <content style="Body">The function names the GAP variables sequentially from gN.  Defaults to 1</content>
        </line>
        <line Align="Left">
            <content style="Body">*BR*</content>
        </line>
        <line Align="Left" leftIndent="36">
            <content style="Body">A list of turn sequences, each on a separate line.</content>
        </line>
        <line Align="Left">
            <content style="Body">*BR*</content>
        </line>
        <line Align="Left">
            <content style="Body">DISCUSSION:</content>
        </line>
        <line Align="Left">
            <content style="Normal"></content>
        </line>
        <line Align="Left">
            <content style="Body">Example input:</content>
        </line>
        <line Align="Left" leftIndent="36">
            <content style="Body">Ouroboros F' R' F' U F' R L' U F' U' L' U L U L U </content>
        </line>
        <line Align="Left" leftIndent="36">
            <content style="Body">Anaconda L U B' U' L' R B R' B' F D R D' F'</content>
        </line>
        <line Align="Left" leftIndent="36">
            <content style="Body">start: 50</content>
        </line>
        <line Align="Left">
            <content style="Body">*BR*</content>
        </line>
        <line Align="Left">
            <content style="Body">Output:</content>
        </line>
        <line Align="Left">
            <content style="Normal"></content>
        </line>
        <line Align="Left" leftIndent="36">
            <content style="Body">GAP for Turn Sequences</content>
        </line>
        <line Align="Left" leftIndent="36">
            <content style="Body">*BR*</content>
        </line>
        <line Align="Left" leftIndent="36">
            <content style="Body"># Sequence: F' R' F' U F' R L' U F' U' L' U L U L U</content>
        </line>
        <line Align="Left" leftIndent="36">
            <content style="Body">g50 := U1 * L1 * U1 * L1 * U1 * L3 * U3 * F3 * U1 * L3 * R1 * F3 * U1 * F3 * R3 * F3;</content>
        </line>
        <line Align="Left" leftIndent="36">
            <content style="Body">*BR*</content>
        </line>
        <line Align="Left" leftIndent="36">
            <content style="Body"># Sequence: L U B' U' L' R B R' B' F D R D' F'</content>
        </line>
        <line Align="Left" leftIndent="36">
            <content style="Body">g51 := F3 * D3 * R1 * D1 * F1 * B3 * R3 * B1 * R1 * L3 * U3 * B3 * U1 * L1;</content>
        </line>
    </contents>
</page>