<?xml version="1.0" encoding="UTF-8"?>
<page pageId="Page64" pageName="List Oh Symmetries" title="">
    <abstract></abstract>
    <keywords></keywords>
    <contents>
        <line Align="Left">
            <content style="Body">Prints a list of the 48 symmetries of the OhSymmetryGroup:</content>
        </line>
        <line Align="Left">
            <content style="Body">*BR*</content>
        </line>
        <line Align="Left" leftIndent="36">
            <content style="Custom7">List Oh Symmetries</content>
        </line>
        <line Align="Left" leftIndent="36">
            <content style="Body">*BR*</content>
        </line>
        <line Align="Left" leftIndent="36">
            <content style="Custom7">Symtag:  0</content>
        </line>
        <line Align="Left" leftIndent="36">
            <content style="Custom7">E</content>
        </line>
        <line Align="Left" leftIndent="36">
            <content style="Custom7">key: @" x, y, z"</content>
        </line>
        <line Align="Left" leftIndent="36">
            <content style="Custom7">Matrix Representation T1u</content>
        </line>
        <line Align="Left" leftIndent="36">
            <content style="Custom7">	| 1, 0, 0|</content>
        </line>
        <line Align="Left" leftIndent="36">
            <content style="Custom7">	| 0, 1, 0|</content>
        </line>
        <line Align="Left" leftIndent="36">
            <content style="Custom7">	| 0, 0, 1|</content>
        </line>
        <line Align="Left" leftIndent="36">
            <content style="Body">*BR*</content>
        </line>
        <line Align="Left" leftIndent="36">
            <content style="Custom7">Symtag:  1</content>
        </line>
        <line Align="Left" leftIndent="36">
            <content style="Custom7">C2x</content>
        </line>
        <line Align="Left" leftIndent="36">
            <content style="Custom7">key: @" x,-y,-z"</content>
        </line>
        <line Align="Left" leftIndent="36">
            <content style="Custom7">Matrix Representation T1u</content>
        </line>
        <line Align="Left" leftIndent="36">
            <content style="Custom7">	| 1, 0, 0|</content>
        </line>
        <line Align="Left" leftIndent="36">
            <content style="Custom7">	| 0,-1, 0|</content>
        </line>
        <line Align="Left" leftIndent="36">
            <content style="Custom7">	| 0, 0,-1|</content>
        </line>
        <line Align="Left" leftIndent="36">
            <content style="Body">*BR*</content>
        </line>
        <line Align="Left" leftIndent="36">
            <content style="Custom7">Symtag:  2</content>
        </line>
        <line Align="Left" leftIndent="36">
            <content style="Custom7">C2y</content>
        </line>
        <line Align="Left" leftIndent="36">
            <content style="Custom7">key: @"-x, y,-z"</content>
        </line>
        <line Align="Left" leftIndent="36">
            <content style="Custom7">Matrix Representation T1u</content>
        </line>
        <line Align="Left" leftIndent="36">
            <content style="Custom7">	|-1, 0, 0|</content>
        </line>
        <line Align="Left" leftIndent="36">
            <content style="Custom7">	| 0, 1, 0|</content>
        </line>
        <line Align="Left" leftIndent="36">
            <content style="Custom7">	| 0, 0,-1|</content>
        </line>
        <line Align="Left" leftIndent="36">
            <content style="Body">*BR*</content>
        </line>
        <line Align="Left" leftIndent="36">
            <content style="Custom7">•</content>
        </line>
        <line Align="Left" leftIndent="36">
            <content style="Custom7">•</content>
        </line>
        <line Align="Left" leftIndent="36">
            <content style="Custom7">•</content>
        </line>
        <line Align="Left" leftIndent="36">
            <content style="Body">*BR*</content>
        </line>
        <line Align="Left" leftIndent="36">
            <content style="Custom7">Symtag: 47</content>
        </line>
        <line Align="Left" leftIndent="36">
            <content style="Custom7">S56x'y'z</content>
        </line>
        <line Align="Left" leftIndent="36">
            <content style="Custom7">key: @"-y, z, x"</content>
        </line>
        <line Align="Left" leftIndent="36">
            <content style="Custom7">Matrix Representation T1u</content>
        </line>
        <line Align="Left" leftIndent="36">
            <content style="Custom7">	| 0,-1, 0|</content>
        </line>
        <line Align="Left" leftIndent="36">
            <content style="Custom7">	| 0, 0, 1|</content>
        </line>
        <line Align="Left" leftIndent="36">
            <content style="Custom7">	| 1, 0, 0|</content>
        </line>
    </contents>
</page>