<?xml version="1.0" encoding="UTF-8"?>
<page pageId="Page5" pageName="The RBK_Model Class" title="">
    <abstract></abstract>
    <keywords></keywords>
    <contents>
        <line Align="Left">
            <content style="Custom27">@interface </content>
            <content style="Custom29">RBK_Model</content>
            <content style="Custom1"> : </content>
            <content style="Custom31">NSObject</content>
            <content style="Custom1"> &lt;</content>
            <content style="Custom30">RBK_Model_Protocol</content>
            <content style="Custom1">&gt;</content>
        </line>
        <line Align="Justify">
            <content style="Body">*BR*</content>
        </line>
        <line Align="Justify">
            <content style="Body">The RBK_Model class is the base class of the cube representation.  It is chiefly involved with translating human readable representations of cube states into the internal representation of a cube state.  The point of departure is the use of a standard configuration string to represent a cube state:</content>
        </line>
        <line Align="Justify">
            <content style="Body">*BR*</content>
        </line>
        <line Align="Left">
            <content style="Body">UF UR UB UL DF DR DB DL FR FL BR BL UFR URB UBL ULF DRF DFL DLB DBR</content>
        </line>
        <line Align="Left">
            <content style="Body">*BR*</content>
        </line>
        <line Align="Left">
            <content style="Body">The standard configuration string will be discussed in the next section.</content>
        </line>
        <line Align="Left">
            <content style="Body">*BR*</content>
        </line>
        <line Align="Justify">
            <content style="Body">RBK_Model does not create a complete group theoretical representation of the cube.  It declares prototypes for four methods which subclasses must override to provide the needed functionality.  These methods are:</content>
        </line>
        <line Align="Justify">
            <content style="Body">*BR*</content>
        </line>
        <line Align="Justify">
            <content style="Normal"></content>
        </line>
        <line Align="Left" leftIndent="36">
            <content style="Custom0">@protocol </content>
            <content style="Custom2">RBK_Model_Protocol</content>
            <content style="Custom1"> &lt;</content>
            <content style="Custom3">NSObject</content>
            <content style="Custom1">&gt;</content>
        </line>
        <line Align="Left">
            <content style="Normal">*BR*</content>
        </line>
        <line Align="Left" leftIndent="36">
            <content style="Custom1">-(</content>
            <content style="Custom3">NSData</content>
            <content style="Custom1"> *)</content>
            <content style="Custom4">productOfAction</content>
            <content style="Custom1">: (</content>
            <content style="Custom3">NSData</content>
            <content style="Custom1"> *)action </content>
            <content style="Custom4">andState</content>
            <content style="Custom1">: (</content>
            <content style="Custom3">NSData</content>
            <content style="Custom1"> *)state;</content>
        </line>
        <line Align="Left" leftIndent="36">
            <content style="Normal"></content>
        </line>
        <line Align="Left" leftIndent="36">
            <content style="Custom1">-(</content>
            <content style="Custom3">NSData</content>
            <content style="Custom1"> *)</content>
            <content style="Custom4">inverseOfState</content>
            <content style="Custom1">: (</content>
            <content style="Custom3">NSData</content>
            <content style="Custom1"> *)state;</content>
        </line>
        <line Align="Left" leftIndent="36">
            <content style="Normal"></content>
        </line>
        <line Align="Left" leftIndent="36">
            <content style="Custom1">-(</content>
            <content style="Custom3">NSData</content>
            <content style="Custom1"> *)</content>
            <content style="Custom4">stateForConfiguration</content>
            <content style="Custom1">: (</content>
            <content style="Custom3">NSString</content>
            <content style="Custom1"> *)config;</content>
        </line>
        <line Align="Left" leftIndent="36">
            <content style="Normal"></content>
        </line>
        <line Align="Left" leftIndent="36">
            <content style="Custom1">-(</content>
            <content style="Custom3">NSString</content>
            <content style="Custom1"> *)</content>
            <content style="Custom4">configurationForState</content>
            <content style="Custom1">: (</content>
            <content style="Custom3">NSData</content>
            <content style="Custom1"> *)state;</content>
        </line>
        <line Align="Left" leftIndent="36">
            <content style="Normal"></content>
        </line>
        <line Align="Left" leftIndent="36">
            <content style="Body">*BR*</content>
        </line>
        <line Align="Left" leftIndent="36">
            <content style="Normal"></content>
        </line>
        <line Align="Justify">
            <content style="Body">Subclasses must define a representation of a cube state, a method for compositing two states and a method for taking the inverse of a state that satisfy the requirements of a mathematical group.  They must also provide methods to interconvert standard configuration string representations and their internal representations.</content>
        </line>
        <line Align="Left">
            <content style="Normal"></content>
        </line>
    </contents>
</page>