<?xml version="1.0" encoding="UTF-8"?>
<page pageId="Page32" pageName="symtagForKey:" title="">
    <abstract></abstract>
    <keywords></keywords>
    <contents>
        <line Align="Left">
            <content style="Custom1">-(</content>
            <content style="Custom24">OSG_SYMTAG</content>
            <content style="Custom1">)</content>
            <content style="Custom26">symtagForKey</content>
            <content style="Custom1">: (</content>
            <content style="Custom23">NSString</content>
            <content style="Custom1"> *)key;</content>
        </line>
        <line Align="Left">
            <content style="Custom22">*BR*</content>
        </line>
        <line Align="Left">
            <content style="Custom22">Parameters:</content>
        </line>
        <line Align="Left">
            <content style="Custom22">*BR*</content>
        </line>
        <line Align="Left" leftIndent="36">
            <content style="Custom22">key	</content>
        </line>
        <line Align="Left" leftIndent="72">
            <content style="Custom22">The axis permutation key for the symmetry element. ie </content>
            <content style="Custom28">@" y, z, x"</content>
        </line>
        <line Align="Left" leftIndent="36">
            <content style="Custom22">*BR*</content>
        </line>
        <line Align="Left">
            <content style="Custom22">Returned Value:</content>
        </line>
        <line Align="Left">
            <content style="Custom22">*BR*</content>
        </line>
        <line Align="Left" leftIndent="36">
            <content style="Custom22">The symtag reference number for the symmetry element</content>
        </line>
    </contents>
</page>