<?xml version="1.0" encoding="UTF-8"?>
<page pageId="Page18" pageName="turnStringForPath:" title="">
    <abstract></abstract>
    <keywords></keywords>
    <contents>
        <line Align="Left">
            <content style="Custom1">-(</content>
            <content style="Custom18">NSString</content>
            <content style="Custom1"> *)</content>
            <content style="Custom15">turnStringForPath</content>
            <content style="Custom1">: (</content>
            <content style="Custom18">NSData</content>
            <content style="Custom1"> *)path;</content>
        </line>
        <line Align="Left">
            <content style="Custom1">*BR*</content>
        </line>
        <line Align="Left">
            <content style="Body">Parameters:</content>
        </line>
        <line Align="Left">
            <content style="Body">*BR*</content>
        </line>
        <line Align="Left" leftIndent="36">
            <content style="Body">path</content>
        </line>
        <line Align="Left" leftIndent="72">
            <content style="Body">A C array of type RBK_Turn wrapped as an NSData object.</content>
        </line>
        <line Align="Left">
            <content style="Body">*BR*</content>
        </line>
        <line Align="Left">
            <content style="Body">Returned Value:</content>
        </line>
        <line Align="Left">
            <content style="Body">*BR*</content>
        </line>
        <line Align="Left" leftIndent="36">
            <content style="Body">The standard turn string corresponding to the argument.</content>
        </line>
    </contents>
</page>