<?xml version="1.0" encoding="UTF-8"?>
<page pageId="Page48" pageName="orientationOfCubie:" title="">
    <abstract></abstract>
    <keywords></keywords>
    <contents>
        <line Align="Left">
            <content style="Custom1">-(</content>
            <content style="Custom27">int</content>
            <content style="Custom1">)</content>
            <content style="Custom33">orientationOfCubie</content>
            <content style="Custom1">: (</content>
            <content style="Custom30">RBK_Cubie</content>
            <content style="Custom1">)cubie</content>
        </line>
        <line Align="Left" leftIndent="72">
            <content style="Custom33">inState</content>
            <content style="Custom1">: (</content>
            <content style="Custom30">OSG_SYMTAG</content>
            <content style="Custom1">)state;</content>
        </line>
        <line Align="Left">
            <content style="Normal"></content>
        </line>
        <line Align="Left">
            <content style="Custom1">*BR*</content>
        </line>
        <line Align="Left">
            <content style="Normal"></content>
        </line>
        <line Align="Left">
            <content style="Body">Parameters:</content>
        </line>
        <line Align="Left">
            <content style="Body">*BR*</content>
        </line>
        <line Align="Left" leftIndent="36">
            <content style="Body">cubie</content>
        </line>
        <line Align="Left" leftIndent="72">
            <content style="Body">An RBK_Cubie</content>
        </line>
        <line Align="Left">
            <content style="Body">*BR*</content>
        </line>
        <line Align="Left" leftIndent="36">
            <content style="Body">symtag</content>
        </line>
        <line Align="Left" leftIndent="72">
            <content style="Body">The Cubie's rotation</content>
        </line>
        <line Align="Left">
            <content style="Body">*BR*</content>
        </line>
        <line Align="Left">
            <content style="Body">Returned Value:</content>
        </line>
        <line Align="Left">
            <content style="Body">*BR*</content>
        </line>
        <line Align="Left" leftIndent="36">
            <content style="Body">The cubie's orientation:</content>
        </line>
        <line Align="Left">
            <content style="Body">*BR*</content>
        </line>
        <line Align="Left" leftIndent="36">
            <content style="Custom36">#define RBK_ORIENT_NONE     </content>
            <content style="Custom37">0</content>
        </line>
        <line Align="Left" leftIndent="36">
            <content style="Custom36">#define RBK_ORIENT_FLIP     </content>
            <content style="Custom37">1</content>
        </line>
        <line Align="Left" leftIndent="36">
            <content style="Custom36">#define RBK_ORIENT_CW       </content>
            <content style="Custom37">1</content>
        </line>
        <line Align="Left" leftIndent="36">
            <content style="Custom36">#define RBK_ORIENT_CCW      </content>
            <content style="Custom37">2</content>
        </line>
    </contents>
</page>