<?xml version="1.0" encoding="UTF-8"?>
<page pageId="Page54" pageName="inverseOfPath:" title="">
    <abstract></abstract>
    <keywords></keywords>
    <contents>
        <line Align="Left">
            <content style="Custom1">-(</content>
            <content style="Custom31">NSData</content>
            <content style="Custom1"> *)</content>
            <content style="Custom33">inverseOfPath</content>
            <content style="Custom1">:(</content>
            <content style="Custom31">NSData</content>
            <content style="Custom1"> *)path</content>
        </line>
        <line Align="Left">
            <content style="Normal"></content>
        </line>
        <line Align="Left">
            <content style="Custom1">*BR*</content>
        </line>
        <line Align="Left">
            <content style="Normal"></content>
        </line>
        <line Align="Left">
            <content style="Body">Parameters:</content>
        </line>
        <line Align="Left">
            <content style="Body">*BR*</content>
        </line>
        <line Align="Left" leftIndent="36">
            <content style="Body">path</content>
        </line>
        <line Align="Left" leftIndent="72">
            <content style="Body">An NSData object containing a C array of type RBK_Turn for a turn sequence.</content>
        </line>
        <line Align="Left">
            <content style="Body">*BR*</content>
        </line>
        <line Align="Left">
            <content style="Body">Returned Value:</content>
        </line>
        <line Align="Left">
            <content style="Body">*BR*</content>
        </line>
        <line Align="Left" leftIndent="36">
            <content style="Body">The inverse path containing the inverse of the turns in the argument in reverse order.</content>
        </line>
    </contents>
</page>