<?xml version="1.0" encoding="UTF-8"?>
<page pageId="Page45" pageName="positionOfCubie:" title="">
    <abstract></abstract>
    <keywords></keywords>
    <contents>
        <line Align="Left">
            <content style="Custom1">-(</content>
            <content style="Custom30">RBK_Cubicle</content>
            <content style="Custom1">)</content>
            <content style="Custom33">positionOfCubie</content>
            <content style="Custom1">: (</content>
            <content style="Custom30">RBK_Cubie</content>
            <content style="Custom1">)cubie</content>
        </line>
        <line Align="Left" leftIndent="108">
            <content style="Custom33">inState</content>
            <content style="Custom1">: (</content>
            <content style="Custom30">OSG_SYMTAG</content>
            <content style="Custom1">)state;</content>
        </line>
        <line Align="Left">
            <content style="Normal"></content>
        </line>
        <line Align="Left">
            <content style="Custom1">*BR*</content>
        </line>
        <line Align="Left">
            <content style="Normal"></content>
        </line>
        <line Align="Left">
            <content style="Body">Parameters:</content>
        </line>
        <line Align="Left">
            <content style="Body">*BR*</content>
        </line>
        <line Align="Left" leftIndent="36">
            <content style="Body">cubie</content>
        </line>
        <line Align="Left" leftIndent="72">
            <content style="Body">an RBK_Cubie</content>
        </line>
        <line Align="Left" leftIndent="36">
            <content style="Body">*BR*</content>
        </line>
        <line Align="Left" leftIndent="36">
            <content style="Body">state</content>
        </line>
        <line Align="Left" leftIndent="72">
            <content style="Body">The rotational state of the cubie as a OSG_SYMTAG</content>
        </line>
        <line Align="Left">
            <content style="Body">*BR*</content>
        </line>
        <line Align="Left">
            <content style="Body">Returned Value:</content>
        </line>
        <line Align="Left">
            <content style="Body">*BR*</content>
        </line>
        <line Align="Left" leftIndent="36">
            <content style="Body">The position the cubie is placed in by the state argument</content>
        </line>
    </contents>
</page>