<?xml version="1.0" encoding="UTF-8"?>
<page pageId="Page28" pageName="productOfActionTag:   stateTag:" title="">
    <abstract></abstract>
    <keywords></keywords>
    <contents>
        <line Align="Left">
            <content style="Custom1">-(</content>
            <content style="Custom24">OSG_SYMTAG</content>
            <content style="Custom1">)</content>
            <content style="Custom26">productOfActionTag</content>
            <content style="Custom1">: (</content>
            <content style="Custom24">OSG_SYMTAG</content>
            <content style="Custom1">)action</content>
        </line>
        <line Align="Left" leftIndent="108">
            <content style="Custom26">stateTag</content>
            <content style="Custom1">: (</content>
            <content style="Custom24">OSG_SYMTAG</content>
            <content style="Custom1">)state;</content>
        </line>
        <line Align="Left">
            <content style="Body">*BR*</content>
        </line>
        <line Align="Left">
            <content style="Body">Parameters:</content>
        </line>
        <line Align="Left">
            <content style="Body">*BR*</content>
        </line>
        <line Align="Left" leftIndent="36">
            <content style="Body">action	</content>
        </line>
        <line Align="Left" leftIndent="72">
            <content style="Body">The symmetry transform to be applied</content>
        </line>
        <line Align="Left" leftIndent="36">
            <content style="Body">*BR*</content>
        </line>
        <line Align="Left" leftIndent="36">
            <content style="Body">state	</content>
        </line>
        <line Align="Left" leftIndent="72">
            <content style="Body">The symmetry transform to be acted upon</content>
        </line>
        <line Align="Left" leftIndent="72">
            <content style="Body">*BR*</content>
        </line>
        <line Align="Left">
            <content style="Body">Returned Value:</content>
        </line>
        <line Align="Left">
            <content style="Body">*BR*</content>
        </line>
        <line Align="Left" leftIndent="36">
            <content style="Body">The result of compositing the two arguments</content>
        </line>
    </contents>
</page>