<?xml version="1.0" encoding="UTF-8"?>
<page pageId="Page41" pageName="conjugateOfTurn:" title="">
    <abstract></abstract>
    <keywords></keywords>
    <contents>
        <line Align="Left">
            <content style="Custom1">-(</content>
            <content style="Custom30">RBK_Turn</content>
            <content style="Custom1">)</content>
            <content style="Custom33">conjugateOfTurn</content>
            <content style="Custom1">: (</content>
            <content style="Custom30">RBK_Turn</content>
            <content style="Custom1">)turn</content>
        </line>
        <line Align="Left" leftIndent="72">
            <content style="Custom33">bySymtag</content>
            <content style="Custom1">: (</content>
            <content style="Custom30">OSG_SYMTAG</content>
            <content style="Custom1">)symtag;</content>
        </line>
        <line Align="Left" leftIndent="36">
            <content style="Normal"></content>
        </line>
        <line Align="Left">
            <content style="Custom1">*BR*</content>
        </line>
        <line Align="Left">
            <content style="Normal"></content>
        </line>
        <line Align="Left">
            <content style="Body">Parameters:</content>
        </line>
        <line Align="Left">
            <content style="Body">*BR*</content>
        </line>
        <line Align="Left" leftIndent="36">
            <content style="Body">turn</content>
        </line>
        <line Align="Left" leftIndent="72">
            <content style="Body">A face turn</content>
        </line>
        <line Align="Left">
            <content style="Body">*BR*</content>
        </line>
        <line Align="Left" leftIndent="36">
            <content style="Body">symtag</content>
        </line>
        <line Align="Left" leftIndent="72">
            <content style="Body">The symmetry used to form the conjugate</content>
        </line>
        <line Align="Left">
            <content style="Body">*BR*</content>
        </line>
        <line Align="Left">
            <content style="Body">Returned Value:</content>
        </line>
        <line Align="Left">
            <content style="Body">*BR*</content>
        </line>
        <line Align="Left" leftIndent="36">
            <content style="Body">The conjugate of the argument.  m' • turn • m</content>
        </line>
        <line Align="Left" leftIndent="36">
            <content style="Normal"></content>
        </line>
        <line Align="Left">
            <content style="Body">*BR*</content>
        </line>
        <line Align="Left">
            <content style="Body">Discussion</content>
        </line>
        <line Align="Left">
            <content style="Body">*BR*</content>
        </line>
        <line Align="Left" leftIndent="36">
            <content style="Body">The set of face turns has Oh symmetry:</content>
        </line>
        <line Align="Left">
            <content style="Body">*BR*</content>
        </line>
        <line Align="Left" leftIndent="36">
            <content style="Body">m' • |face turns| • m = |face turns|  for all m element Oh</content>
        </line>
        <line Align="Left">
            <content style="Body">*BR*</content>
        </line>
        <line Align="Left" leftIndent="36">
            <content style="Body">The symmetry conjugate of a face turn is always another face turn.</content>
        </line>
    </contents>
</page>