<?xml version="1.0" encoding="UTF-8"?>
<page pageId="Page43" pageName="conjugateOfState:" title="">
    <abstract></abstract>
    <keywords></keywords>
    <contents>
        <line Align="Left">
            <content style="Custom1">-(</content>
            <content style="Custom31">NSData</content>
            <content style="Custom1"> *)</content>
            <content style="Custom33">conjugateOfState</content>
            <content style="Custom1">: (</content>
            <content style="Custom31">NSData</content>
            <content style="Custom1"> *)state</content>
        </line>
        <line Align="Left" leftIndent="108">
            <content style="Custom33">bySymtag</content>
            <content style="Custom1">: (</content>
            <content style="Custom30">OSG_SYMTAG</content>
            <content style="Custom1">)symtag;</content>
        </line>
        <line Align="Left">
            <content style="Normal"></content>
        </line>
        <line Align="Left">
            <content style="Custom1">*BR*</content>
        </line>
        <line Align="Left">
            <content style="Normal"></content>
        </line>
        <line Align="Left">
            <content style="Body">Parameters:</content>
        </line>
        <line Align="Left">
            <content style="Body">*BR*</content>
        </line>
        <line Align="Left" leftIndent="36">
            <content style="Body">state</content>
        </line>
        <line Align="Left" leftIndent="72">
            <content style="Body">A CubieModel group element.</content>
        </line>
        <line Align="Left">
            <content style="Body">*BR*</content>
        </line>
        <line Align="Left" leftIndent="36">
            <content style="Body">symtag</content>
        </line>
        <line Align="Left" leftIndent="72">
            <content style="Body">The symmetry used to form the conjugate</content>
        </line>
        <line Align="Left">
            <content style="Body">*BR*</content>
        </line>
        <line Align="Left">
            <content style="Body">Returned Value:</content>
        </line>
        <line Align="Left">
            <content style="Body">*BR*</content>
        </line>
        <line Align="Left" leftIndent="36">
            <content style="Body">The conjugate of the argument.  m' • state • m</content>
        </line>
        <line Align="Left">
            <content style="Normal"></content>
        </line>
        <line Align="Left">
            <content style="Body">*BR*</content>
        </line>
        <line Align="Left">
            <content style="Body">Discussion</content>
        </line>
        <line Align="Left">
            <content style="Body">*BR*</content>
        </line>
        <line Align="Left" leftIndent="36">
            <content style="Body">The Cube group has Oh symmetry.  The symmetry conjugate of a cube group element is always a cube group element.</content>
        </line>
    </contents>
</page>