<?xml version="1.0" encoding="UTF-8"?>
<page pageId="Page10" pageName="cycleStringForConfiguration:" title="">
    <abstract></abstract>
    <keywords></keywords>
    <contents>
        <line Align="Left">
            <content style="Custom1">-(</content>
            <content style="Custom18">NSString</content>
            <content style="Custom1"> *)</content>
            <content style="Custom15">cycleStringForConfiguration</content>
            <content style="Custom1">: (</content>
            <content style="Custom18">NSString</content>
            <content style="Custom1"> *)config;</content>
        </line>
        <line Align="Left">
            <content style="Body">*BR*</content>
        </line>
        <line Align="Left">
            <content style="Body">Parameters:</content>
        </line>
        <line Align="Left" leftIndent="36">
            <content style="Body">*BR*</content>
        </line>
        <line Align="Left" leftIndent="36">
            <content style="Body">config	</content>
        </line>
        <line Align="Left" leftIndent="72">
            <content style="Body">A standard configuration string.</content>
        </line>
        <line Align="Left" leftIndent="36">
            <content style="Body">*BR*</content>
        </line>
        <line Align="Left">
            <content style="Body">Returned Value:</content>
        </line>
        <line Align="Left">
            <content style="Body">*BR*</content>
        </line>
        <line Align="Left" leftIndent="36">
            <content style="Body">A GAP canonical cycle string for the facelet permutation given by the configuration.</content>
        </line>
        <line Align="Left">
            <content style="Normal"></content>
        </line>
    </contents>
</page>