<?xml version="1.0" encoding="UTF-8"?>
<page pageId="Page51" pageName="stateForPath:" title="">
    <abstract></abstract>
    <keywords></keywords>
    <contents>
        <line Align="Left">
            <content style="Custom1">-(</content>
            <content style="Custom31">NSData</content>
            <content style="Custom1"> *)</content>
            <content style="Custom33">stateForPath</content>
            <content style="Custom1">: (</content>
            <content style="Custom31">NSData</content>
            <content style="Custom1"> *)path;</content>
        </line>
        <line Align="Left">
            <content style="Normal"></content>
        </line>
        <line Align="Left">
            <content style="Custom1">*BR*</content>
        </line>
        <line Align="Left">
            <content style="Normal"></content>
        </line>
        <line Align="Left">
            <content style="Body">Parameters:</content>
        </line>
        <line Align="Left">
            <content style="Body">*BR*</content>
        </line>
        <line Align="Left" leftIndent="36">
            <content style="Body">path</content>
        </line>
        <line Align="Left" leftIndent="72">
            <content style="Body">An NSData object containing a C array of type RBK_Turn</content>
        </line>
        <line Align="Left">
            <content style="Body">*BR*</content>
        </line>
        <line Align="Left">
            <content style="Body">Returned Value:</content>
        </line>
        <line Align="Left">
            <content style="Body">*BR*</content>
        </line>
        <line Align="Left" leftIndent="36">
            <content style="Body">The CubieModel group element formed by applying the turn sequence in path to the identity cube. </content>
        </line>
    </contents>
</page>