<?xml version="1.0" encoding="UTF-8"?>
<page pageId="Page56" pageName="CubeEngine Protocol" title="">
    <abstract></abstract>
    <keywords></keywords>
    <contents>
        <line Align="Left">
            <content style="Body">The Cube3x3x3 app interfaces with objects that adopt the CubeEngine Protocol:</content>
        </line>
        <line Align="Left">
            <content style="Body">*BR*</content>
        </line>
        <line Align="Left" leftIndent="36">
            <content style="Custom45">#define CEP_FUNCTION @</content>
            <content style="Custom46">"CEP FUNCTION PROMPT"</content>
        </line>
        <line Align="Left" leftIndent="36">
            <content style="Custom45">#define CEP_PARAMETER @</content>
            <content style="Custom46">"CEP PARAMETER STRING"</content>
        </line>
        <line Align="Left" leftIndent="36">
            <content style="Body">*BR*</content>
        </line>
        <line Align="Left" leftIndent="36">
            <content style="Custom40">@protocol </content>
            <content style="Custom42">CubeEngineProtocol</content>
            <content style="Custom1"> &lt;</content>
            <content style="Custom43">NSObject</content>
            <content style="Custom1">&gt;</content>
        </line>
        <line Align="Left" leftIndent="36">
            <content style="Body">*BR*</content>
        </line>
        <line Align="Left" leftIndent="36">
            <content style="Custom1">- (</content>
            <content style="Custom40">void</content>
            <content style="Custom1">) </content>
            <content style="Custom44">execute</content>
            <content style="Custom1">: (</content>
            <content style="Custom43">NSDictionary</content>
            <content style="Custom1"> *)parameters;</content>
        </line>
        <line Align="Left" leftIndent="36">
            <content style="Body">*BR*</content>
        </line>
        <line Align="Left" leftIndent="36">
            <content style="Custom1">- (</content>
            <content style="Custom43">NSArray</content>
            <content style="Custom1"> *)</content>
            <content style="Custom44">functionArray</content>
            <content style="Custom1">;</content>
        </line>
        <line Align="Left" leftIndent="36">
            <content style="Body">*BR*</content>
        </line>
        <line Align="Left" leftIndent="36">
            <content style="Custom1">- (</content>
            <content style="Custom40">void</content>
            <content style="Custom1">)</content>
            <content style="Custom44">stop</content>
            <content style="Custom1">;</content>
        </line>
        <line Align="Left" leftIndent="36">
            <content style="Body">*BR*</content>
        </line>
        <line Align="Left" leftIndent="36">
            <content style="Custom40">@end</content>
        </line>
        <line Align="Left">
            <content style="Body">*BR*</content>
        </line>
        <line Align="Left">
            <content style="Body">The </content>
            <content style="Body bold">functionArray</content>
            <content style="Body"> method should return a list of NSStrings naming the functions the object performs.  These NSStrings are used to populate the function menu of the display.</content>
        </line>
        <line Align="Left">
            <content style="Body">*BR*</content>
        </line>
        <line Align="Left">
            <content style="Body">The </content>
            <content style="Body bold">execute:</content>
            <content style="Body"> method is called in response to the user selecting a function to execute.  The parameters dictionary holds two NSStrings: the name of the function selected under the key CEP_FUNCTION and the contents of the parameters text view under the key CEP_PARAMETER.</content>
        </line>
        <line Align="Left">
            <content style="Body">*BR*</content>
        </line>
        <line Align="Left">
            <content style="Body">The </content>
            <content style="Body bold">stop</content>
            <content style="Body"> method is to signal the receiver to stop any lengthy procedure and is sent in response to the user clicking the ABORT button.</content>
        </line>
        <line Align="Left">
            <content style="Body">*BR*</content>
        </line>
        <line Align="Left">
            <content style="Body">Strawboss registers to receive three notifications from its clients:</content>
        </line>
        <line Align="Left" leftIndent="36">
            <content style="Body">*BR*</content>
        </line>
        <line Align="Left" leftIndent="36">
            <content style="Body">SB_REPORT</content>
        </line>
        <line Align="Left" leftIndent="72">
            <content style="Body">prints to the results view the text in the notification's userInfo dictionary under the key SB_REPORT</content>
        </line>
        <line Align="Left" leftIndent="36">
            <content style="Body">*BR*	</content>
        </line>
        <line Align="Left" leftIndent="36">
            <content style="Body">SB_PROGRESS </content>
        </line>
        <line Align="Left" leftIndent="72">
            <content style="Body">sets the progress indicator to the double value of an NSNumber object stored in the notification's userInfo dictionary under the key SB_PROGRESS and sets the progress indicator's label to the string stored in the userInfo dictionary under the key SB_PROGRESS_LABEL</content>
        </line>
        <line Align="Left" leftIndent="72">
            <content style="Body">*BR*</content>
        </line>
        <line Align="Left" leftIndent="36">
            <content style="Body">SB_FUNCTION_DONE</content>
        </line>
        <line Align="Left" leftIndent="72">
            <content style="Body">tells Strawboss that the engine has finish and is ready to receive the next command.  This must be sent at the end of all functions.</content>
        </line>
        <line Align="Left" leftIndent="72">
            <content style="Body">*BR*</content>
        </line>
        <line Align="Justify">
            <content style="Body">In the present app Strawboss creates an instance of CubieModelSolver to carry out these methods.</content>
        </line>
    </contents>
</page>