<?xml version="1.0" encoding="UTF-8"?>
<page pageId="Page26" pageName="The Elements of Oh Symmetry" title="">
    <abstract></abstract>
    <keywords></keywords>
    <contents>
        <line Align="Left">
            <content style="Body">Below is a listing of the symmetry elements maintained by the OhSymmetryGroup class.</content>
        </line>
        <line Align="Left">
            <content style="Body">*BR*  </content>
        </line>
        <line Align="Left" leftIndent="36">
            <content style="Body">First listed is a reference number assigned to the symmetry element: the symtag for the element.  </content>
        </line>
        <line Align="Left" leftIndent="36">
            <content style="Body">*BR*</content>
        </line>
        <line Align="Left" leftIndent="36">
            <content style="Body">Next is the </content>
            <content style="Body" linkTarget="https://www.staff.ncl.ac.uk/j.p.goss/symmetry/CharacterTables.html">Schoenflies symbol</content>
            <content style="Body"> for the element.</content>
        </line>
        <line Align="Left" leftIndent="36">
            <content style="Body">*BR*</content>
        </line>
        <line Align="Left" leftIndent="36">
            <content style="Body">Following is the key for the element as a length 8 string giving the axis permutation of the element.  ie for the C2x element the key, </content>
        </line>
        <line Align="Left" leftIndent="72">
            <content style="Body">" x,-y,-z", </content>
        </line>
        <line Align="Left" leftIndent="36">
            <content style="Body">is read as "the x axis is unchanged, the -y axis rotates onto the y axis and the -z axis rotates onto the z axis.</content>
        </line>
        <line Align="Left" leftIndent="36">
            <content style="Body">*BR*</content>
        </line>
        <line Align="Left" leftIndent="36">
            <content style="Body">Finally the geometric transformation matrix of the element is listed.</content>
        </line>
        <line Align="Left">
            <content style="Normal"></content>
        </line>
        <line Align="Left">
            <content style="Body">*BR*</content>
        </line>
        <line Align="Left">
            <content style="Body">Symtag:  0</content>
        </line>
        <line Align="Left">
            <content style="Body">E</content>
        </line>
        <line Align="Left">
            <content style="Body">key: @" x, y, z"</content>
        </line>
        <line Align="Left">
            <content style="Body">Matrix Representation T1u</content>
        </line>
        <line Align="Left">
            <content style="Body">	| 1, 0, 0|</content>
        </line>
        <line Align="Left">
            <content style="Body">	| 0, 1, 0|</content>
        </line>
        <line Align="Left">
            <content style="Body">	| 0, 0, 1|</content>
        </line>
        <line Align="Left">
            <content style="Body">*BR*</content>
        </line>
        <line Align="Left">
            <content style="Body">Symtag:  1</content>
        </line>
        <line Align="Left">
            <content style="Body">C2x</content>
        </line>
        <line Align="Left">
            <content style="Body">key: @" x,-y,-z"</content>
        </line>
        <line Align="Left">
            <content style="Body">Matrix Representation T1u</content>
        </line>
        <line Align="Left">
            <content style="Body">	| 1, 0, 0|</content>
        </line>
        <line Align="Left">
            <content style="Body">	| 0,-1, 0|</content>
        </line>
        <line Align="Left">
            <content style="Body">	| 0, 0,-1|</content>
        </line>
        <line Align="Left">
            <content style="Body">*BR*</content>
        </line>
        <line Align="Left">
            <content style="Body">Symtag:  2</content>
        </line>
        <line Align="Left">
            <content style="Body">C2y</content>
        </line>
        <line Align="Left">
            <content style="Body">key: @"-x, y,-z"</content>
        </line>
        <line Align="Left">
            <content style="Body">Matrix Representation T1u</content>
        </line>
        <line Align="Left">
            <content style="Body">	|-1, 0, 0|</content>
        </line>
        <line Align="Left">
            <content style="Body">	| 0, 1, 0|</content>
        </line>
        <line Align="Left">
            <content style="Body">	| 0, 0,-1|</content>
        </line>
        <line Align="Left">
            <content style="Body">*BR*</content>
        </line>
        <line Align="Left">
            <content style="Body">Symtag:  3</content>
        </line>
        <line Align="Left">
            <content style="Body">C2z</content>
        </line>
        <line Align="Left">
            <content style="Body">key: @"-x,-y, z"</content>
        </line>
        <line Align="Left">
            <content style="Body">Matrix Representation T1u</content>
        </line>
        <line Align="Left">
            <content style="Body">	|-1, 0, 0|</content>
        </line>
        <line Align="Left">
            <content style="Body">	| 0,-1, 0|</content>
        </line>
        <line Align="Left">
            <content style="Body">	| 0, 0, 1|</content>
        </line>
        <line Align="Left">
            <content style="Body">*BR*</content>
        </line>
        <line Align="Left">
            <content style="Body">Symtag:  4</content>
        </line>
        <line Align="Left">
            <content style="Body">C3xyz</content>
        </line>
        <line Align="Left">
            <content style="Body">key: @" y, z, x"</content>
        </line>
        <line Align="Left">
            <content style="Body">Matrix Representation T1u</content>
        </line>
        <line Align="Left">
            <content style="Body">	| 0, 1, 0|</content>
        </line>
        <line Align="Left">
            <content style="Body">	| 0, 0, 1|</content>
        </line>
        <line Align="Left">
            <content style="Body">	| 1, 0, 0|</content>
        </line>
        <line Align="Left">
            <content style="Body">*BR*</content>
        </line>
        <line Align="Left">
            <content style="Body">Symtag:  5</content>
        </line>
        <line Align="Left">
            <content style="Body">C23xyz</content>
        </line>
        <line Align="Left">
            <content style="Body">key: @" z, x, y"</content>
        </line>
        <line Align="Left">
            <content style="Body">Matrix Representation T1u</content>
        </line>
        <line Align="Left">
            <content style="Body">	| 0, 0, 1|</content>
        </line>
        <line Align="Left">
            <content style="Body">	| 1, 0, 0|</content>
        </line>
        <line Align="Left">
            <content style="Body">	| 0, 1, 0|</content>
        </line>
        <line Align="Left">
            <content style="Body">*BR*</content>
        </line>
        <line Align="Left">
            <content style="Body">Symtag:  6</content>
        </line>
        <line Align="Left">
            <content style="Body">C3x'y'z</content>
        </line>
        <line Align="Left">
            <content style="Body">key: @" y,-z,-x"</content>
        </line>
        <line Align="Left">
            <content style="Body">Matrix Representation T1u</content>
        </line>
        <line Align="Left">
            <content style="Body">	| 0, 1, 0|</content>
        </line>
        <line Align="Left">
            <content style="Body">	| 0, 0,-1|</content>
        </line>
        <line Align="Left">
            <content style="Body">	|-1, 0, 0|</content>
        </line>
        <line Align="Left">
            <content style="Body">*BR*</content>
        </line>
        <line Align="Left">
            <content style="Body">Symtag:  7</content>
        </line>
        <line Align="Left">
            <content style="Body">C23x'y'z</content>
        </line>
        <line Align="Left">
            <content style="Body">key: @"-z, x,-y"</content>
        </line>
        <line Align="Left">
            <content style="Body">Matrix Representation T1u</content>
        </line>
        <line Align="Left">
            <content style="Body">	| 0, 0,-1|</content>
        </line>
        <line Align="Left">
            <content style="Body">	| 1, 0, 0|</content>
        </line>
        <line Align="Left">
            <content style="Body">	| 0,-1, 0|</content>
        </line>
        <line Align="Left">
            <content style="Body">*BR*</content>
        </line>
        <line Align="Left">
            <content style="Body">Symtag:  8</content>
        </line>
        <line Align="Left">
            <content style="Body">C3x'yz'</content>
        </line>
        <line Align="Left">
            <content style="Body">key: @"-y,-z, x"</content>
        </line>
        <line Align="Left">
            <content style="Body">Matrix Representation T1u</content>
        </line>
        <line Align="Left">
            <content style="Body">	| 0,-1, 0|</content>
        </line>
        <line Align="Left">
            <content style="Body">	| 0, 0,-1|</content>
        </line>
        <line Align="Left">
            <content style="Body">	| 1, 0, 0|</content>
        </line>
        <line Align="Left">
            <content style="Body">*BR*</content>
        </line>
        <line Align="Left">
            <content style="Body">Symtag:  9</content>
        </line>
        <line Align="Left">
            <content style="Body">C23x'yz'</content>
        </line>
        <line Align="Left">
            <content style="Body">key: @" z,-x,-y"</content>
        </line>
        <line Align="Left">
            <content style="Body">Matrix Representation T1u</content>
        </line>
        <line Align="Left">
            <content style="Body">	| 0, 0, 1|</content>
        </line>
        <line Align="Left">
            <content style="Body">	|-1, 0, 0|</content>
        </line>
        <line Align="Left">
            <content style="Body">	| 0,-1, 0|</content>
        </line>
        <line Align="Left">
            <content style="Body">*BR*</content>
        </line>
        <line Align="Left">
            <content style="Body">Symtag: 10</content>
        </line>
        <line Align="Left">
            <content style="Body">C3xy'z'</content>
        </line>
        <line Align="Left">
            <content style="Body">key: @"-y, z,-x"</content>
        </line>
        <line Align="Left">
            <content style="Body">Matrix Representation T1u</content>
        </line>
        <line Align="Left">
            <content style="Body">	| 0,-1, 0|</content>
        </line>
        <line Align="Left">
            <content style="Body">	| 0, 0, 1|</content>
        </line>
        <line Align="Left">
            <content style="Body">	|-1, 0, 0|</content>
        </line>
        <line Align="Left">
            <content style="Body">*BR*</content>
        </line>
        <line Align="Left">
            <content style="Body">Symtag: 11</content>
        </line>
        <line Align="Left">
            <content style="Body">C23xy'z'</content>
        </line>
        <line Align="Left">
            <content style="Body">key: @"-z,-x, y"</content>
        </line>
        <line Align="Left">
            <content style="Body">Matrix Representation T1u</content>
        </line>
        <line Align="Left">
            <content style="Body">	| 0, 0,-1|</content>
        </line>
        <line Align="Left">
            <content style="Body">	|-1, 0, 0|</content>
        </line>
        <line Align="Left">
            <content style="Body">	| 0, 1, 0|</content>
        </line>
        <line Align="Left">
            <content style="Body">*BR*</content>
        </line>
        <line Align="Left">
            <content style="Body">Symtag: 12</content>
        </line>
        <line Align="Left">
            <content style="Body">C4x</content>
        </line>
        <line Align="Left">
            <content style="Body">key: @" x, z,-y"</content>
        </line>
        <line Align="Left">
            <content style="Body">Matrix Representation T1u</content>
        </line>
        <line Align="Left">
            <content style="Body">	| 1, 0, 0|</content>
        </line>
        <line Align="Left">
            <content style="Body">	| 0, 0, 1|</content>
        </line>
        <line Align="Left">
            <content style="Body">	| 0,-1, 0|</content>
        </line>
        <line Align="Left">
            <content style="Body">*BR*</content>
        </line>
        <line Align="Left">
            <content style="Body">Symtag: 13</content>
        </line>
        <line Align="Left">
            <content style="Body">C34x</content>
        </line>
        <line Align="Left">
            <content style="Body">key: @" x,-z, y"</content>
        </line>
        <line Align="Left">
            <content style="Body">Matrix Representation T1u</content>
        </line>
        <line Align="Left">
            <content style="Body">	| 1, 0, 0|</content>
        </line>
        <line Align="Left">
            <content style="Body">	| 0, 0,-1|</content>
        </line>
        <line Align="Left">
            <content style="Body">	| 0, 1, 0|</content>
        </line>
        <line Align="Left">
            <content style="Body">*BR*</content>
        </line>
        <line Align="Left">
            <content style="Body">Symtag: 14</content>
        </line>
        <line Align="Left">
            <content style="Body">C4y</content>
        </line>
        <line Align="Left">
            <content style="Body">key: @"-z, y, x"</content>
        </line>
        <line Align="Left">
            <content style="Body">Matrix Representation T1u</content>
        </line>
        <line Align="Left">
            <content style="Body">	| 0, 0,-1|</content>
        </line>
        <line Align="Left">
            <content style="Body">	| 0, 1, 0|</content>
        </line>
        <line Align="Left">
            <content style="Body">	| 1, 0, 0|</content>
        </line>
        <line Align="Left">
            <content style="Body">*BR*</content>
        </line>
        <line Align="Left">
            <content style="Body">Symtag: 15</content>
        </line>
        <line Align="Left">
            <content style="Body">C34y</content>
        </line>
        <line Align="Left">
            <content style="Body">key: @" z, y,-x"</content>
        </line>
        <line Align="Left">
            <content style="Body">Matrix Representation T1u</content>
        </line>
        <line Align="Left">
            <content style="Body">	| 0, 0, 1|</content>
        </line>
        <line Align="Left">
            <content style="Body">	| 0, 1, 0|</content>
        </line>
        <line Align="Left">
            <content style="Body">	|-1, 0, 0|</content>
        </line>
        <line Align="Left">
            <content style="Body">*BR*</content>
        </line>
        <line Align="Left">
            <content style="Body">Symtag: 16</content>
        </line>
        <line Align="Left">
            <content style="Body">C4z</content>
        </line>
        <line Align="Left">
            <content style="Body">key: @" y,-x, z"</content>
        </line>
        <line Align="Left">
            <content style="Body">Matrix Representation T1u</content>
        </line>
        <line Align="Left">
            <content style="Body">	| 0, 1, 0|</content>
        </line>
        <line Align="Left">
            <content style="Body">	|-1, 0, 0|</content>
        </line>
        <line Align="Left">
            <content style="Body">	| 0, 0, 1|</content>
        </line>
        <line Align="Left">
            <content style="Body">*BR*</content>
        </line>
        <line Align="Left">
            <content style="Body">Symtag: 17</content>
        </line>
        <line Align="Left">
            <content style="Body">C34z</content>
        </line>
        <line Align="Left">
            <content style="Body">key: @"-y, x, z"</content>
        </line>
        <line Align="Left">
            <content style="Body">Matrix Representation T1u</content>
        </line>
        <line Align="Left">
            <content style="Body">	| 0,-1, 0|</content>
        </line>
        <line Align="Left">
            <content style="Body">	| 1, 0, 0|</content>
        </line>
        <line Align="Left">
            <content style="Body">	| 0, 0, 1|</content>
        </line>
        <line Align="Left">
            <content style="Body">*BR*</content>
        </line>
        <line Align="Left">
            <content style="Body">Symtag: 18</content>
        </line>
        <line Align="Left">
            <content style="Body">C2xy</content>
        </line>
        <line Align="Left">
            <content style="Body">key: @" y, x,-z"</content>
        </line>
        <line Align="Left">
            <content style="Body">Matrix Representation T1u</content>
        </line>
        <line Align="Left">
            <content style="Body">	| 0, 1, 0|</content>
        </line>
        <line Align="Left">
            <content style="Body">	| 1, 0, 0|</content>
        </line>
        <line Align="Left">
            <content style="Body">	| 0, 0,-1|</content>
        </line>
        <line Align="Left">
            <content style="Body">*BR*</content>
        </line>
        <line Align="Left">
            <content style="Body">Symtag: 19</content>
        </line>
        <line Align="Left">
            <content style="Body">C2xz</content>
        </line>
        <line Align="Left">
            <content style="Body">key: @" z,-y, x"</content>
        </line>
        <line Align="Left">
            <content style="Body">Matrix Representation T1u</content>
        </line>
        <line Align="Left">
            <content style="Body">	| 0, 0, 1|</content>
        </line>
        <line Align="Left">
            <content style="Body">	| 0,-1, 0|</content>
        </line>
        <line Align="Left">
            <content style="Body">	| 1, 0, 0|</content>
        </line>
        <line Align="Left">
            <content style="Body">*BR*</content>
        </line>
        <line Align="Left">
            <content style="Body">Symtag: 20</content>
        </line>
        <line Align="Left">
            <content style="Body">C2yz</content>
        </line>
        <line Align="Left">
            <content style="Body">key: @"-x, z, y"</content>
        </line>
        <line Align="Left">
            <content style="Body">Matrix Representation T1u</content>
        </line>
        <line Align="Left">
            <content style="Body">	|-1, 0, 0|</content>
        </line>
        <line Align="Left">
            <content style="Body">	| 0, 0, 1|</content>
        </line>
        <line Align="Left">
            <content style="Body">	| 0, 1, 0|</content>
        </line>
        <line Align="Left">
            <content style="Body">*BR*</content>
        </line>
        <line Align="Left">
            <content style="Body">Symtag: 21</content>
        </line>
        <line Align="Left">
            <content style="Body">C2yz'</content>
        </line>
        <line Align="Left">
            <content style="Body">key: @"-x,-z,-y"</content>
        </line>
        <line Align="Left">
            <content style="Body">Matrix Representation T1u</content>
        </line>
        <line Align="Left">
            <content style="Body">	|-1, 0, 0|</content>
        </line>
        <line Align="Left">
            <content style="Body">	| 0, 0,-1|</content>
        </line>
        <line Align="Left">
            <content style="Body">	| 0,-1, 0|</content>
        </line>
        <line Align="Left">
            <content style="Body">*BR*</content>
        </line>
        <line Align="Left">
            <content style="Body">Symtag: 22</content>
        </line>
        <line Align="Left">
            <content style="Body">C2xy'</content>
        </line>
        <line Align="Left">
            <content style="Body">key: @"-y,-x,-z"</content>
        </line>
        <line Align="Left">
            <content style="Body">Matrix Representation T1u</content>
        </line>
        <line Align="Left">
            <content style="Body">	| 0,-1, 0|</content>
        </line>
        <line Align="Left">
            <content style="Body">	|-1, 0, 0|</content>
        </line>
        <line Align="Left">
            <content style="Body">	| 0, 0,-1|</content>
        </line>
        <line Align="Left">
            <content style="Body">*BR*</content>
        </line>
        <line Align="Left">
            <content style="Body">Symtag: 23</content>
        </line>
        <line Align="Left">
            <content style="Body">C2xz'</content>
        </line>
        <line Align="Left">
            <content style="Body">key: @"-z,-y,-x"</content>
        </line>
        <line Align="Left">
            <content style="Body">Matrix Representation T1u</content>
        </line>
        <line Align="Left">
            <content style="Body">	| 0, 0,-1|</content>
        </line>
        <line Align="Left">
            <content style="Body">	| 0,-1, 0|</content>
        </line>
        <line Align="Left">
            <content style="Body">	|-1, 0, 0|</content>
        </line>
        <line Align="Left">
            <content style="Body">*BR*</content>
        </line>
        <line Align="Left">
            <content style="Body">Symtag: 24</content>
        </line>
        <line Align="Left">
            <content style="Body">σd_yz</content>
        </line>
        <line Align="Left">
            <content style="Body">key: @" x, z, y"</content>
        </line>
        <line Align="Left">
            <content style="Body">Matrix Representation T1u</content>
        </line>
        <line Align="Left">
            <content style="Body">	| 1, 0, 0|</content>
        </line>
        <line Align="Left">
            <content style="Body">	| 0, 0, 1|</content>
        </line>
        <line Align="Left">
            <content style="Body">	| 0, 1, 0|</content>
        </line>
        <line Align="Left">
            <content style="Body">*BR*</content>
        </line>
        <line Align="Left">
            <content style="Body">Symtag: 25</content>
        </line>
        <line Align="Left">
            <content style="Body">σd_yz'</content>
        </line>
        <line Align="Left">
            <content style="Body">key: @" x,-z,-y"</content>
        </line>
        <line Align="Left">
            <content style="Body">Matrix Representation T1u</content>
        </line>
        <line Align="Left">
            <content style="Body">	| 1, 0, 0|</content>
        </line>
        <line Align="Left">
            <content style="Body">	| 0, 0,-1|</content>
        </line>
        <line Align="Left">
            <content style="Body">	| 0,-1, 0|</content>
        </line>
        <line Align="Left">
            <content style="Body">*BR*</content>
        </line>
        <line Align="Left">
            <content style="Body">Symtag: 26</content>
        </line>
        <line Align="Left">
            <content style="Body">σd_xy</content>
        </line>
        <line Align="Left">
            <content style="Body">key: @" y, x, z"</content>
        </line>
        <line Align="Left">
            <content style="Body">Matrix Representation T1u</content>
        </line>
        <line Align="Left">
            <content style="Body">	| 0, 1, 0|</content>
        </line>
        <line Align="Left">
            <content style="Body">	| 1, 0, 0|</content>
        </line>
        <line Align="Left">
            <content style="Body">	| 0, 0, 1|</content>
        </line>
        <line Align="Left">
            <content style="Body">*BR*</content>
        </line>
        <line Align="Left">
            <content style="Body">Symtag: 27</content>
        </line>
        <line Align="Left">
            <content style="Body">σd_xz</content>
        </line>
        <line Align="Left">
            <content style="Body">key: @" z, y, x"</content>
        </line>
        <line Align="Left">
            <content style="Body">Matrix Representation T1u</content>
        </line>
        <line Align="Left">
            <content style="Body">	| 0, 0, 1|</content>
        </line>
        <line Align="Left">
            <content style="Body">	| 0, 1, 0|</content>
        </line>
        <line Align="Left">
            <content style="Body">	| 1, 0, 0|</content>
        </line>
        <line Align="Left">
            <content style="Body">*BR*</content>
        </line>
        <line Align="Left">
            <content style="Body">Symtag: 28</content>
        </line>
        <line Align="Left">
            <content style="Body">σd_xy'</content>
        </line>
        <line Align="Left">
            <content style="Body">key: @"-y,-x, z"</content>
        </line>
        <line Align="Left">
            <content style="Body">Matrix Representation T1u</content>
        </line>
        <line Align="Left">
            <content style="Body">	| 0,-1, 0|</content>
        </line>
        <line Align="Left">
            <content style="Body">	|-1, 0, 0|</content>
        </line>
        <line Align="Left">
            <content style="Body">	| 0, 0, 1|</content>
        </line>
        <line Align="Left">
            <content style="Body">*BR*</content>
        </line>
        <line Align="Left">
            <content style="Body">Symtag: 29</content>
        </line>
        <line Align="Left">
            <content style="Body">σd_xz'</content>
        </line>
        <line Align="Left">
            <content style="Body">key: @"-z, y,-x"</content>
        </line>
        <line Align="Left">
            <content style="Body">Matrix Representation T1u</content>
        </line>
        <line Align="Left">
            <content style="Body">	| 0, 0,-1|</content>
        </line>
        <line Align="Left">
            <content style="Body">	| 0, 1, 0|</content>
        </line>
        <line Align="Left">
            <content style="Body">	|-1, 0, 0|</content>
        </line>
        <line Align="Left">
            <content style="Body">*BR*</content>
        </line>
        <line Align="Left">
            <content style="Body">Symtag: 30</content>
        </line>
        <line Align="Left">
            <content style="Body">S4x</content>
        </line>
        <line Align="Left">
            <content style="Body">key: @"-x, z,-y"</content>
        </line>
        <line Align="Left">
            <content style="Body">Matrix Representation T1u</content>
        </line>
        <line Align="Left">
            <content style="Body">	|-1, 0, 0|</content>
        </line>
        <line Align="Left">
            <content style="Body">	| 0, 0, 1|</content>
        </line>
        <line Align="Left">
            <content style="Body">	| 0,-1, 0|</content>
        </line>
        <line Align="Left">
            <content style="Body">*BR*</content>
        </line>
        <line Align="Left">
            <content style="Body">Symtag: 31</content>
        </line>
        <line Align="Left">
            <content style="Body">S34x</content>
        </line>
        <line Align="Left">
            <content style="Body">key: @"-x,-z, y"</content>
        </line>
        <line Align="Left">
            <content style="Body">Matrix Representation T1u</content>
        </line>
        <line Align="Left">
            <content style="Body">	|-1, 0, 0|</content>
        </line>
        <line Align="Left">
            <content style="Body">	| 0, 0,-1|</content>
        </line>
        <line Align="Left">
            <content style="Body">	| 0, 1, 0|</content>
        </line>
        <line Align="Left">
            <content style="Body">*BR*</content>
        </line>
        <line Align="Left">
            <content style="Body">Symtag: 32</content>
        </line>
        <line Align="Left">
            <content style="Body">S4y</content>
        </line>
        <line Align="Left">
            <content style="Body">key: @"-z,-y, x"</content>
        </line>
        <line Align="Left">
            <content style="Body">Matrix Representation T1u</content>
        </line>
        <line Align="Left">
            <content style="Body">	| 0, 0,-1|</content>
        </line>
        <line Align="Left">
            <content style="Body">	| 0,-1, 0|</content>
        </line>
        <line Align="Left">
            <content style="Body">	| 1, 0, 0|</content>
        </line>
        <line Align="Left">
            <content style="Body">*BR*</content>
        </line>
        <line Align="Left">
            <content style="Body">Symtag: 33</content>
        </line>
        <line Align="Left">
            <content style="Body">S34y</content>
        </line>
        <line Align="Left">
            <content style="Body">key: @" z,-y,-x"</content>
        </line>
        <line Align="Left">
            <content style="Body">Matrix Representation T1u</content>
        </line>
        <line Align="Left">
            <content style="Body">	| 0, 0, 1|</content>
        </line>
        <line Align="Left">
            <content style="Body">	| 0,-1, 0|</content>
        </line>
        <line Align="Left">
            <content style="Body">	|-1, 0, 0|</content>
        </line>
        <line Align="Left">
            <content style="Body">*BR*</content>
        </line>
        <line Align="Left">
            <content style="Body">Symtag: 34</content>
        </line>
        <line Align="Left">
            <content style="Body">S4z</content>
        </line>
        <line Align="Left">
            <content style="Body">key: @" y,-x,-z"</content>
        </line>
        <line Align="Left">
            <content style="Body">Matrix Representation T1u</content>
        </line>
        <line Align="Left">
            <content style="Body">	| 0, 1, 0|</content>
        </line>
        <line Align="Left">
            <content style="Body">	|-1, 0, 0|</content>
        </line>
        <line Align="Left">
            <content style="Body">	| 0, 0,-1|</content>
        </line>
        <line Align="Left">
            <content style="Body">*BR*</content>
        </line>
        <line Align="Left">
            <content style="Body">Symtag: 35</content>
        </line>
        <line Align="Left">
            <content style="Body">S34z</content>
        </line>
        <line Align="Left">
            <content style="Body">key: @"-y, x,-z"</content>
        </line>
        <line Align="Left">
            <content style="Body">Matrix Representation T1u</content>
        </line>
        <line Align="Left">
            <content style="Body">	| 0,-1, 0|</content>
        </line>
        <line Align="Left">
            <content style="Body">	| 1, 0, 0|</content>
        </line>
        <line Align="Left">
            <content style="Body">	| 0, 0,-1|</content>
        </line>
        <line Align="Left">
            <content style="Body">*BR*</content>
        </line>
        <line Align="Left">
            <content style="Body">Symtag: 36</content>
        </line>
        <line Align="Left">
            <content style="Body">i</content>
        </line>
        <line Align="Left">
            <content style="Body">key: @"-x,-y,-z"</content>
        </line>
        <line Align="Left">
            <content style="Body">Matrix Representation T1u</content>
        </line>
        <line Align="Left">
            <content style="Body">	|-1, 0, 0|</content>
        </line>
        <line Align="Left">
            <content style="Body">	| 0,-1, 0|</content>
        </line>
        <line Align="Left">
            <content style="Body">	| 0, 0,-1|</content>
        </line>
        <line Align="Left">
            <content style="Body">*BR*</content>
        </line>
        <line Align="Left">
            <content style="Body">Symtag: 37</content>
        </line>
        <line Align="Left">
            <content style="Body">σh_x</content>
        </line>
        <line Align="Left">
            <content style="Body">key: @"-x, y, z"</content>
        </line>
        <line Align="Left">
            <content style="Body">Matrix Representation T1u</content>
        </line>
        <line Align="Left">
            <content style="Body">	|-1, 0, 0|</content>
        </line>
        <line Align="Left">
            <content style="Body">	| 0, 1, 0|</content>
        </line>
        <line Align="Left">
            <content style="Body">	| 0, 0, 1|</content>
        </line>
        <line Align="Left">
            <content style="Body">*BR*</content>
        </line>
        <line Align="Left">
            <content style="Body">Symtag: 38</content>
        </line>
        <line Align="Left">
            <content style="Body">σh_y</content>
        </line>
        <line Align="Left">
            <content style="Body">key: @" x,-y, z"</content>
        </line>
        <line Align="Left">
            <content style="Body">Matrix Representation T1u</content>
        </line>
        <line Align="Left">
            <content style="Body">	| 1, 0, 0|</content>
        </line>
        <line Align="Left">
            <content style="Body">	| 0,-1, 0|</content>
        </line>
        <line Align="Left">
            <content style="Body">	| 0, 0, 1|</content>
        </line>
        <line Align="Left">
            <content style="Body">*BR*</content>
        </line>
        <line Align="Left">
            <content style="Body">Symtag: 39</content>
        </line>
        <line Align="Left">
            <content style="Body">σh_z</content>
        </line>
        <line Align="Left">
            <content style="Body">key: @" x, y,-z"</content>
        </line>
        <line Align="Left">
            <content style="Body">Matrix Representation T1u</content>
        </line>
        <line Align="Left">
            <content style="Body">	| 1, 0, 0|</content>
        </line>
        <line Align="Left">
            <content style="Body">	| 0, 1, 0|</content>
        </line>
        <line Align="Left">
            <content style="Body">	| 0, 0,-1|</content>
        </line>
        <line Align="Left">
            <content style="Body">*BR*</content>
        </line>
        <line Align="Left">
            <content style="Body">Symtag: 40</content>
        </line>
        <line Align="Left">
            <content style="Body">S6xyz</content>
        </line>
        <line Align="Left">
            <content style="Body">key: @"-z,-x,-y"</content>
        </line>
        <line Align="Left">
            <content style="Body">Matrix Representation T1u</content>
        </line>
        <line Align="Left">
            <content style="Body">	| 0, 0,-1|</content>
        </line>
        <line Align="Left">
            <content style="Body">	|-1, 0, 0|</content>
        </line>
        <line Align="Left">
            <content style="Body">	| 0,-1, 0|</content>
        </line>
        <line Align="Left">
            <content style="Body">*BR*</content>
        </line>
        <line Align="Left">
            <content style="Body">Symtag: 41</content>
        </line>
        <line Align="Left">
            <content style="Body">S56xyz</content>
        </line>
        <line Align="Left">
            <content style="Body">key: @"-y,-z,-x"</content>
        </line>
        <line Align="Left">
            <content style="Body">Matrix Representation T1u</content>
        </line>
        <line Align="Left">
            <content style="Body">	| 0,-1, 0|</content>
        </line>
        <line Align="Left">
            <content style="Body">	| 0, 0,-1|</content>
        </line>
        <line Align="Left">
            <content style="Body">	|-1, 0, 0|</content>
        </line>
        <line Align="Left">
            <content style="Body">*BR*</content>
        </line>
        <line Align="Left">
            <content style="Body">Symtag: 42</content>
        </line>
        <line Align="Left">
            <content style="Body">S6xy'z'</content>
        </line>
        <line Align="Left">
            <content style="Body">key: @" z, x,-y"</content>
        </line>
        <line Align="Left">
            <content style="Body">Matrix Representation T1u</content>
        </line>
        <line Align="Left">
            <content style="Body">	| 0, 0, 1|</content>
        </line>
        <line Align="Left">
            <content style="Body">	| 1, 0, 0|</content>
        </line>
        <line Align="Left">
            <content style="Body">	| 0,-1, 0|</content>
        </line>
        <line Align="Left">
            <content style="Body">*BR*</content>
        </line>
        <line Align="Left">
            <content style="Body">Symtag: 43</content>
        </line>
        <line Align="Left">
            <content style="Body">S56xy'z'</content>
        </line>
        <line Align="Left">
            <content style="Body">key: @" y,-z, x"</content>
        </line>
        <line Align="Left">
            <content style="Body">Matrix Representation T1u</content>
        </line>
        <line Align="Left">
            <content style="Body">	| 0, 1, 0|</content>
        </line>
        <line Align="Left">
            <content style="Body">	| 0, 0,-1|</content>
        </line>
        <line Align="Left">
            <content style="Body">	| 1, 0, 0|</content>
        </line>
        <line Align="Left">
            <content style="Body">*BR*</content>
        </line>
        <line Align="Left">
            <content style="Body">Symtag: 44</content>
        </line>
        <line Align="Left">
            <content style="Body">S6x'yz</content>
        </line>
        <line Align="Left">
            <content style="Body">key: @"-z, x, y"</content>
        </line>
        <line Align="Left">
            <content style="Body">Matrix Representation T1u</content>
        </line>
        <line Align="Left">
            <content style="Body">	| 0, 0,-1|</content>
        </line>
        <line Align="Left">
            <content style="Body">	| 1, 0, 0|</content>
        </line>
        <line Align="Left">
            <content style="Body">	| 0, 1, 0|</content>
        </line>
        <line Align="Left">
            <content style="Body">*BR*</content>
        </line>
        <line Align="Left">
            <content style="Body">Symtag: 45</content>
        </line>
        <line Align="Left">
            <content style="Body">S56x'yz</content>
        </line>
        <line Align="Left">
            <content style="Body">key: @" y, z,-x"</content>
        </line>
        <line Align="Left">
            <content style="Body">Matrix Representation T1u</content>
        </line>
        <line Align="Left">
            <content style="Body">	| 0, 1, 0|</content>
        </line>
        <line Align="Left">
            <content style="Body">	| 0, 0, 1|</content>
        </line>
        <line Align="Left">
            <content style="Body">	|-1, 0, 0|</content>
        </line>
        <line Align="Left">
            <content style="Body">*BR*</content>
        </line>
        <line Align="Left">
            <content style="Body">Symtag: 46</content>
        </line>
        <line Align="Left">
            <content style="Body">S6x'y'z</content>
        </line>
        <line Align="Left">
            <content style="Body">key: @" z,-x, y"</content>
        </line>
        <line Align="Left">
            <content style="Body">Matrix Representation T1u</content>
        </line>
        <line Align="Left">
            <content style="Body">	| 0, 0, 1|</content>
        </line>
        <line Align="Left">
            <content style="Body">	|-1, 0, 0|</content>
        </line>
        <line Align="Left">
            <content style="Body">	| 0, 1, 0|</content>
        </line>
        <line Align="Left">
            <content style="Body">*BR*</content>
        </line>
        <line Align="Left">
            <content style="Body">Symtag: 47</content>
        </line>
        <line Align="Left">
            <content style="Body">S56x'y'z</content>
        </line>
        <line Align="Left">
            <content style="Body">key: @"-y, z, x"</content>
        </line>
        <line Align="Left">
            <content style="Body">Matrix Representation T1u</content>
        </line>
        <line Align="Left">
            <content style="Body">	| 0,-1, 0|</content>
        </line>
        <line Align="Left">
            <content style="Body">	| 0, 0, 1|</content>
        </line>
        <line Align="Left">
            <content style="Body">	| 1, 0, 0|</content>
        </line>
    </contents>
</page>