<?xml version="1.0" encoding="UTF-8"?>
<page pageId="Page23" pageName="stateForConfiguration:" title="">
    <abstract></abstract>
    <keywords></keywords>
    <contents>
        <line Align="Left">
            <content style="Custom1">-(</content>
            <content style="Custom18">NSData</content>
            <content style="Custom1"> *)</content>
            <content style="Custom15">stateForConfiguration</content>
            <content style="Custom1">: (</content>
            <content style="Custom18">NSString</content>
            <content style="Custom1"> *)config;</content>
        </line>
        <line Align="Left">
            <content style="Custom1">*BR*</content>
        </line>
        <line Align="Left">
            <content style="Body">Parameters:</content>
        </line>
        <line Align="Left">
            <content style="Body">*BR*</content>
        </line>
        <line Align="Left" leftIndent="36">
            <content style="Body">config	</content>
        </line>
        <line Align="Left" leftIndent="72">
            <content style="Body">A standard configuration string</content>
        </line>
        <line Align="Left">
            <content style="Body">*BR*</content>
        </line>
        <line Align="Left">
            <content style="Body">Returned Value:</content>
        </line>
        <line Align="Left">
            <content style="Body">*BR*</content>
        </line>
        <line Align="Left" leftIndent="36">
            <content style="Body">The cube group element specified by the argument.  The default method returns </content>
            <content style="Custom32">nil</content>
            <content style="Body">.  Subclasses must override this method to return the result appropriate to their group representation.</content>
        </line>
    </contents>
</page>