<?xml version="1.0" encoding="UTF-8"?>
<page pageId="Page47" pageName="proxyOfState:" title="">
    <abstract></abstract>
    <keywords></keywords>
    <contents>
        <line Align="Left">
            <content style="Custom1">-(</content>
            <content style="Custom30">SymProxy</content>
            <content style="Custom1">)</content>
            <content style="Custom33">proxyOfState</content>
            <content style="Custom1">: (</content>
            <content style="Custom31">NSData</content>
            <content style="Custom1"> *)state</content>
        </line>
        <line Align="Left" leftIndent="72">
            <content style="Custom33">symmetries</content>
            <content style="Custom1">: (</content>
            <content style="Custom31">NSString</content>
            <content style="Custom1"> *)symGroup</content>
        </line>
        <line Align="Left" leftIndent="72">
            <content style="Custom33">antiSym</content>
            <content style="Custom1">: (</content>
            <content style="Custom27">BOOL</content>
            <content style="Custom1">)useAntiSymmetry;</content>
        </line>
        <line Align="Left">
            <content style="Normal"></content>
        </line>
        <line Align="Left">
            <content style="Custom1">*BR*</content>
        </line>
        <line Align="Left">
            <content style="Normal"></content>
        </line>
        <line Align="Left">
            <content style="Body">Parameters:</content>
        </line>
        <line Align="Left">
            <content style="Body">*BR*</content>
        </line>
        <line Align="Left" leftIndent="36">
            <content style="Body">state</content>
        </line>
        <line Align="Left" leftIndent="72">
            <content style="Body">A CubieModel group element.</content>
        </line>
        <line Align="Left">
            <content style="Body">*BR*</content>
        </line>
        <line Align="Left" leftIndent="72">
            <content style="Body">symGroup</content>
        </line>
        <line Align="Left" leftIndent="108">
            <content style="Body">The name of a subgroup used by the OhSymmetryGroup method </content>
            <content style="Custom35">subgroupNamed:</content>
            <content style="Body">  Defaults to </content>
            <content style="Custom34">@"Oh".</content>
        </line>
        <line Align="Left">
            <content style="Body">*BR*</content>
        </line>
        <line Align="Left" leftIndent="72">
            <content style="Body">useAntiSymmetry</content>
        </line>
        <line Align="Left" leftIndent="108">
            <content style="Custom34">YES</content>
            <content style="Body"> = include the inverses in the equivalence class</content>
        </line>
        <line Align="Left">
            <content style="Body">*BR*</content>
        </line>
        <line Align="Left">
            <content style="Body">Returned Value:</content>
        </line>
        <line Align="Left">
            <content style="Body">*BR*</content>
        </line>
        <line Align="Left" leftIndent="36">
            <content style="Custom27">typedefstruct</content>
        </line>
        <line Align="Left" leftIndent="36">
            <content style="Custom1">{</content>
        </line>
        <line Align="Left" leftIndent="72">
            <content style="Custom33">NSData</content>
            <content style="Custom1">          * </content>
            <content style="Custom27">_Nonnull</content>
            <content style="Custom33">proxy</content>
            <content style="Custom1">;</content>
        </line>
        <line Align="Left" leftIndent="72">
            <content style="Custom33">NSUInteger      size</content>
            <content style="Custom1">;</content>
        </line>
        <line Align="Left" leftIndent="72">
            <content style="Custom33">OSG_SYMTAG       conjugator</content>
            <content style="Custom1">;</content>
        </line>
        <line Align="Left" leftIndent="36">
            <content style="Custom1">}</content>
            <content style="Custom29">SymProxy</content>
            <content style="Custom1">;</content>
        </line>
        <line Align="Left" leftIndent="36">
            <content style="Custom1">*BR*</content>
        </line>
        <line Align="Justify" leftIndent="36">
            <content style="Body">proxy:    </content>
        </line>
        <line Align="Justify" leftIndent="72">
            <content style="Body">The representative element of the symmetry equivalence class specified by the arguments.</content>
        </line>
        <line Align="Justify" leftIndent="36">
            <content style="Body">size:</content>
        </line>
        <line Align="Justify" leftIndent="72">
            <content style="Body">The size of the associated symmetry equivalence class.</content>
        </line>
        <line Align="Justify" leftIndent="36">
            <content style="Body">conjugator: </content>
        </line>
        <line Align="Justify" leftIndent="72">
            <content style="Body">The symmetry used to transform the argument to the proxy</content>
        </line>
        <line Align="Justify" leftIndent="72">
            <content style="Normal"></content>
        </line>
        <line Align="Justify">
            <content style="Body">*BR*</content>
        </line>
        <line Align="Justify">
            <content style="Body">Discussion</content>
        </line>
        <line Align="Justify">
            <content style="Body">*BR*</content>
        </line>
        <line Align="Justify" leftIndent="36">
            <content style="Body">The symmetry conjugates of a group element form a symmetry equivalence class.  This method chooses one member of the eq. class as the proxy to represent the class.  This is done such that one may call this method with any member of the class and the same proxy is returned.</content>
        </line>
        <line Align="Justify">
            <content style="Body">*BR*</content>
        </line>
        <line Align="Justify" leftIndent="36">
            <content style="Body">This is the key used for symmetry reduction in "god's algorithm" calculations.  If one finds an optimal solution for a group element, one can derive optimal solutions for its symmetry conjugates by forming the symmetry conjugates of the optimal solution.  Thus, all the elements of the eq. class are at the same depth.  An element's inverse is also at the same depth.  Using this a "god's algorithm" calculation may be reduced nearly 96 fold if Oh symmetry and antisymmetry are used.</content>
        </line>
    </contents>
</page>