<?xml version="1.0" encoding="UTF-8"?>
<page pageId="Page65" pageName="States at Depth" title="">
    <abstract></abstract>
    <keywords></keywords>
    <contents>
        <line Align="Left">
            <content style="Body">This function performs a "god's algorithm" calculation.  It illustrates the use of symmetry reduction and serves as a check on the soundness of the CubieModel cube group model.</content>
        </line>
        <line Align="Left">
            <content style="Normal"></content>
        </line>
        <line Align="Left">
            <content style="Body">PARAMETERS:</content>
        </line>
        <line Align="Left" leftIndent="36">
            <content style="Body">ftm   </content>
        </line>
        <line Align="Left" leftIndent="72">
            <content style="Body">Use the face turn metric. Defaults to q-turn metric.</content>
        </line>
        <line Align="Left" leftIndent="36">
            <content style="Body">*BR*</content>
        </line>
        <line Align="Left" leftIndent="36">
            <content style="Body">Depth: N</content>
        </line>
        <line Align="Left" leftIndent="72">
            <content style="Body">The depth of the calculation.  Defaults to 8 for the qtm, 7 for the ftm.</content>
        </line>
        <line Align="Left">
            <content style="Normal"></content>
        </line>
    </contents>
</page>