<?xml version="1.0" encoding="UTF-8"?>
<page pageId="Page12" pageName="inverseOfTag:" title="">
    <abstract></abstract>
    <keywords></keywords>
    <contents>
        <line Align="Left">
            <content style="Custom1">-(</content>
            <content style="Custom24">OSG_SYMTAG</content>
            <content style="Custom1">)</content>
            <content style="Custom26">inverseOfTag</content>
            <content style="Custom1">: (</content>
            <content style="Custom24">OSG_SYMTAG</content>
            <content style="Custom1">)state;</content>
        </line>
        <line Align="Left">
            <content style="Custom22">*BR*</content>
        </line>
        <line Align="Left">
            <content style="Custom22">Parameters:</content>
        </line>
        <line Align="Left">
            <content style="Custom22">*BR*</content>
        </line>
        <line Align="Left" leftIndent="36">
            <content style="Custom22">state	</content>
        </line>
        <line Align="Left" leftIndent="72">
            <content style="Custom22">An Oh group element</content>
        </line>
        <line Align="Left" leftIndent="36">
            <content style="Custom22">*BR*</content>
        </line>
        <line Align="Left">
            <content style="Custom22">Returned Value:</content>
        </line>
        <line Align="Left">
            <content style="Custom22">*BR*</content>
        </line>
        <line Align="Left" leftIndent="36">
            <content style="Custom22">The inverse of the argument</content>
        </line>
    </contents>
</page>