<?xml version="1.0" encoding="UTF-8"?>
<page pageId="Page49" pageName="productOfPath:" title="">
    <abstract></abstract>
    <keywords></keywords>
    <contents>
        <line Align="Left">
            <content style="Custom1">-(</content>
            <content style="Custom31">NSData</content>
            <content style="Custom1"> *)</content>
            <content style="Custom33">productOfPath</content>
            <content style="Custom1">: (</content>
            <content style="Custom31">NSData</content>
            <content style="Custom1"> *)path</content>
        </line>
        <line Align="Left" leftIndent="72">
            <content style="Custom33">andState</content>
            <content style="Custom1">: ( </content>
            <content style="Custom31">NSData</content>
            <content style="Custom1">  * </content>
            <content style="Custom27">_Nullable</content>
            <content style="Custom1"> )state;</content>
        </line>
        <line Align="Left">
            <content style="Normal"></content>
        </line>
        <line Align="Left">
            <content style="Normal"></content>
        </line>
        <line Align="Left">
            <content style="Custom1">*BR*</content>
        </line>
        <line Align="Left">
            <content style="Normal"></content>
        </line>
        <line Align="Left">
            <content style="Body">Parameters:</content>
        </line>
        <line Align="Left">
            <content style="Body">*BR*</content>
        </line>
        <line Align="Left" leftIndent="36">
            <content style="Body">path</content>
        </line>
        <line Align="Left" leftIndent="72">
            <content style="Body">An NSData object containing a C array of type RBK_Turn</content>
        </line>
        <line Align="Left">
            <content style="Body">*BR*</content>
        </line>
        <line Align="Left" leftIndent="36">
            <content style="Body">state</content>
        </line>
        <line Align="Left" leftIndent="72">
            <content style="Body">A CubieModel group element</content>
        </line>
        <line Align="Left">
            <content style="Body">*BR*</content>
        </line>
        <line Align="Left">
            <content style="Body">Returned Value:</content>
        </line>
        <line Align="Left">
            <content style="Body">*BR*</content>
        </line>
        <line Align="Left" leftIndent="36">
            <content style="Body">The result of applying the turn sequence specified in path to the state.</content>
        </line>
    </contents>
</page>