<?xml version="1.0" encoding="UTF-8"?>
<page pageId="Page36" pageName="MetalMatrixForSymtag:" title="">
    <abstract></abstract>
    <keywords></keywords>
    <contents>
        <line Align="Left">
            <content style="Custom1">-(</content>
            <content style="Custom23">matrix_float4x4</content>
            <content style="Custom1">)</content>
            <content style="Custom26">MetalMatrixForSymtag</content>
            <content style="Custom1">: (</content>
            <content style="Custom24">OSG_SYMTAG</content>
            <content style="Custom1">)tag;</content>
        </line>
        <line Align="Left">
            <content style="Custom22">*BR*</content>
        </line>
        <line Align="Left">
            <content style="Custom22">Parameters:</content>
        </line>
        <line Align="Left">
            <content style="Custom22">*BR*</content>
        </line>
        <line Align="Left" leftIndent="36">
            <content style="Custom22">tag	</content>
        </line>
        <line Align="Left" leftIndent="72">
            <content style="Custom22">An OhSymmetry group symtag</content>
        </line>
        <line Align="Left">
            <content style="Custom22">*BR*</content>
        </line>
        <line Align="Left">
            <content style="Custom22">Returned Value:</content>
        </line>
        <line Align="Left">
            <content style="Custom22">*BR*</content>
        </line>
        <line Align="Left" leftIndent="36">
            <content style="Custom22">A column major 4x4 matrix representation of the symmetry element suitable for use with the Metal 3D rendering API</content>
        </line>
        <line Align="Left">
            <content style="Custom22">*BR*</content>
        </line>
        <line Align="Left">
            <content style="Custom22">Discussion:</content>
        </line>
        <line Align="Left">
            <content style="Custom22">*BR*</content>
        </line>
        <line Align="Left" leftIndent="36">
            <content style="Normal"></content>
        </line>
        <line Align="Justify" leftIndent="36">
            <content style="Body">OpenGL and CubieModel use a right hand coordinate system with the positive Z axis pointing toward the viewer.  For some brain-dead reason Metal uses a left hand coordinate system with the positive Z axis pointing away from the viewer.  If you have defined your geometry with metal's coordinate system, ie with the front face on the neg Z axis, to use these right hand transforms they must be conjugated with the mirror plane that swaps the Z and the -Z axes.  This method does this.</content>
        </line>
    </contents>
</page>