<?xml version="1.0" encoding="UTF-8"?>
<page pageId="Page66" pageName="Text to Configuration" title="">
    <abstract></abstract>
    <keywords></keywords>
    <contents>
        <line Align="Left">
            <content style="Body">Convert turn sequences and GAP cycle strings to standard configuration strings.</content>
        </line>
        <line Align="Left">
            <content style="Body">*BR*</content>
        </line>
        <line Align="Left">
            <content style="Body">PARAMETERS:</content>
        </line>
        <line Align="Left">
            <content style="Normal"></content>
        </line>
        <line Align="Left">
            <content style="Body">A list of cube state representations either as turn sequences or GAP canonical cycle strings, each on a separate line.</content>
        </line>
        <line Align="Left">
            <content style="Body">*BR*</content>
        </line>
        <line Align="Left">
            <content style="Body">DISCUSSION:</content>
        </line>
        <line Align="Left">
            <content style="Body">	Example input:</content>
        </line>
        <line Align="Left">
            <content style="Body">*BR*</content>
        </line>
        <line Align="Left" leftIndent="72">
            <content style="Body">Superflip R2 U R' L F R B L' F U' B L2 D' R' L B' L' F' R B' D F'</content>
        </line>
        <line Align="Left" leftIndent="72">
            <content style="Body">*BR*</content>
        </line>
        <line Align="Left" leftIndent="72">
            <content style="Body">g100 := (1,2)(3,4)(5,6)(7,8)(9,10)(11,12)(13,14)(15,16)(17,18)(19,20)(21,22)(23,24);</content>
        </line>
        <line Align="Left" leftIndent="72">
            <content style="Body">*BR*</content>
        </line>
        <line Align="Left" leftIndent="72">
            <content style="Body"># ( y, z, x)    C3xyz</content>
        </line>
        <line Align="Left" leftIndent="72">
            <content style="Body">S4 := (1,17,4)(2,18,3)(5,19,12)(6,20,11)(7,10,22)(8,9,21)(13,23,16)(14,24,15)(25,26,27)(28,36,38)(29,34,39)(30,35,37)(31,41,48)(32,42,46)(33,40,47)(43,45,44);</content>
        </line>
        <line Align="Left" leftIndent="72">
            <content style="Body">*BR*</content>
        </line>
        <line Align="Left" leftIndent="72">
            <content style="Body"># (-x,-y,-z)    i</content>
        </line>
        <line Align="Left" leftIndent="72">
            <content style="Body">S36 := (1,13)(2,14)(3,15)(4,16)(5,9)(6,10)(7,11)(8,12)(17,23)(18,24)(19,21)(20,22)(25,43)(26,45)(27,44)(28,40)(29,42)(30,41)(31,37)(32,39)(33,38)(34,46)(35,48)(36,47);</content>
        </line>
        <line Align="Left" leftIndent="72">
            <content style="Body">*BR*</content>
        </line>
        <line Align="Left">
            <content style="Body">output:</content>
        </line>
        <line Align="Left">
            <content style="Body">*BR*</content>
        </line>
        <line Align="Left" leftIndent="36">
            <content style="Body">Text to Configuration</content>
        </line>
        <line Align="Left" leftIndent="36">
            <content style="Body">*BR*</content>
        </line>
        <line Align="Left" leftIndent="36">
            <content style="Body">Input: Superflip R2 U R' L F R B L' F U' B L2 D' R' L B' L' F' R B' D F'</content>
        </line>
        <line Align="Left" leftIndent="36">
            <content style="Body">Configuration: FU RU BU LU FD RD BD LD RF LF RB LB UFR URB UBL ULF DRF DFL DLB DBR</content>
        </line>
        <line Align="Left" leftIndent="36">
            <content style="Body">*BR*</content>
        </line>
        <line Align="Left" leftIndent="36">
            <content style="Body">Input: g100 := (1,2)(3,4)(5,6)(7,8)(9,10)(11,12)(13,14)(15,16)(17,18)(19,20)(21,22)(23,24);</content>
        </line>
        <line Align="Left" leftIndent="36">
            <content style="Body">Configuration: FU RU BU LU FD RD BD LD RF LF RB LB UFR URB UBL ULF DRF DFL DLB DBR</content>
        </line>
        <line Align="Left" leftIndent="36">
            <content style="Body">*BR*</content>
        </line>
        <line Align="Left" leftIndent="36">
            <content style="Body">Input: S4 := (1,17,4)(2,18,3)(5,19,12)(6,20,11)(7,10,22)(8,9,21)(13,23,16)(14,24,15)(25,26,27)(28,36,38)(29,34,39)(30,35,37)(31,41,48)(32,42,46)(33,40,47)(43,45,44);</content>
        </line>
        <line Align="Left" leftIndent="36">
            <content style="Body">Configuration: FR FU FL FD BR BU BL BD RU RD LU LD FRU FUL FLD FDR BUR BRD BDL BLU</content>
        </line>
        <line Align="Left">
            <content style="Body">*BR*</content>
        </line>
        <line Align="Left">
            <content style="Body">NOTE: The inversion symmetry was not converted.  The inversion facelet permutation is not a member of the Cube group.  Only the tetrahedral symmetries are valid Cube states( C2h and C3 ) giving the 4 spot and 6 spot pretty patterns.</content>
        </line>
    </contents>
</page>