<?xml version="1.0" encoding="UTF-8"?>
<page pageId="Page3" pageName="The Cube Group" title="">
    <abstract></abstract>
    <keywords></keywords>
    <contents>
        <line Align="Justify">
            <content style="Body">The Cube3x3x3 Xcode project implements a core model of the 3x3x3 cube puzzle.  This in a way that the cube and its states may be treated as a mathematical group.  The model is consistent with the requirements of a mathematical group:</content>
        </line>
        <line Align="Justify">
            <content style="Body">*BR*</content>
        </line>
        <line Align="Justify">
            <content style="Body">Definition (</content>
            <content style="Body" linkTarget="https://en.wikipedia.org/wiki/Group_(mathematics)">Wikipedia</content>
            <content style="Body">)</content>
        </line>
        <line Align="Justify" leftIndent="36">
            <content style="Normal"></content>
        </line>
        <line Align="Justify" leftIndent="36">
            <content style="Custom italic">A group is a set G together with a binary operation on G, here denoted •, that combines any two elements a and b to form an element of G, denoted a•b, such that the following three requirements, known as group axioms, are satisfied:</content>
        </line>
        <line Align="Justify" leftIndent="36">
            <content style="Normal"></content>
        </line>
        <line Align="Justify" leftIndent="36">
            <content style="Custom italic">Associativity</content>
        </line>
        <line Align="Justify" leftIndent="36">
            <content style="Custom italic">For all a, b, c in G, one has  (a•b)•c=a•(b•c).</content>
        </line>
        <line Align="Justify" leftIndent="36">
            <content style="Normal"></content>
        </line>
        <line Align="Justify" leftIndent="36">
            <content style="Custom italic">Identity element</content>
        </line>
        <line Align="Justify" leftIndent="36">
            <content style="Custom italic">There exists an element e in G such that, for every a in G, one has  e•a=a and a•e=a.</content>
        </line>
        <line Align="Justify" leftIndent="36">
            <content style="Normal"></content>
        </line>
        <line Align="Justify" leftIndent="36">
            <content style="Custom italic">Such an element is unique. It is called the identity element of the group.</content>
        </line>
        <line Align="Justify" leftIndent="36">
            <content style="Normal"></content>
        </line>
        <line Align="Justify" leftIndent="36">
            <content style="Custom italic">Inverse element</content>
        </line>
        <line Align="Justify" leftIndent="36">
            <content style="Custom italic">For each a in G, there exists an element b in G such that a•b=e and b•a=e, where e is the identity element.</content>
        </line>
        <line Align="Justify" leftIndent="36">
            <content style="Custom italic">For each a, the element b is unique; it is called the inverse of a and is commonly denoted a'.</content>
        </line>
        <line Align="Justify">
            <content style="Body">*BR*</content>
        </line>
        <line Align="Justify">
            <content style="Body">The group G in this case is composed of all the arrangements in which the cube may be placed by turns of the cube faces.  For the cube the composition of two group elements may be defined as the catenation two turn sequences. </content>
        </line>
        <line Align="Justify">
            <content style="Body">*BR*</content>
        </line>
        <line Align="Justify" leftIndent="36">
            <content style="Body">A • B = C </content>
        </line>
        <line Align="Justify" leftIndent="36">
            <content style="Body">*BR*</content>
        </line>
        <line Align="Justify">
            <content style="Body">where C is the state an unscrambled cube is place in by first applying a turn sequence giving B from an unscrambled cube followed by a turn sequence giving A from an unscrambled cube. The right to left order follows the common mathematical parlance of first giving the function followed by the operand.  It's sine(x) not (x)sine.  It is helpful to think of this as:</content>
        </line>
        <line Align="Justify">
            <content style="Body">*BR*</content>
        </line>
        <line Align="Justify" leftIndent="36">
            <content style="Body">[Action] • [State] </content>
        </line>
        <line Align="Justify" leftIndent="36">
            <content style="Body">*BR*</content>
        </line>
        <line Align="Justify">
            <content style="Body">The left hand operand is an Action to be applied to a cube in the State arrangement.  Thus a turn sequence such as R U gives the state [U] • [R].</content>
        </line>
        <line Align="Justify">
            <content style="Body">*BR*</content>
        </line>
        <line Align="Justify">
            <content style="Body">The inverse of a group element is found by taking a turn sequence giving that state and reversing the order and sense of the turns. The identity element, [E], is an unscramble cube found by applying no turns to an unscrambled cube.</content>
        </line>
    </contents>
</page>