<?xml version="1.0" encoding="UTF-8"?>
<page pageId="Page29" pageName="productOfTag: vector:" title="">
    <abstract></abstract>
    <keywords></keywords>
    <contents>
        <line Align="Left">
            <content style="Custom1">-(</content>
            <content style="Custom23">NSData</content>
            <content style="Custom1"> *)</content>
            <content style="Custom26">productOfTag</content>
            <content style="Custom1">: (</content>
            <content style="Custom24">OSG_SYMTAG</content>
            <content style="Custom1">)tag </content>
            <content style="Custom26">vector</content>
            <content style="Custom1">: (</content>
            <content style="Custom23">NSData</content>
            <content style="Custom1"> *)vector;</content>
        </line>
        <line Align="Left">
            <content style="Custom22">*BR*</content>
        </line>
        <line Align="Left">
            <content style="Body">Parameters:</content>
        </line>
        <line Align="Left">
            <content style="Body">*BR*</content>
        </line>
        <line Align="Left" leftIndent="36">
            <content style="Body">tag	</content>
        </line>
        <line Align="Left" leftIndent="72">
            <content style="Body">An Oh group element</content>
        </line>
        <line Align="Left">
            <content style="Body">*BR*</content>
        </line>
        <line Align="Left" leftIndent="36">
            <content style="Body">vector	</content>
        </line>
        <line Align="Left" leftIndent="72">
            <content style="Body">An NSData object containing a C array of type OSG_Vector_t giving the x,y,z coordinates of a point.</content>
        </line>
        <line Align="Left">
            <content style="Body">*BR*</content>
        </line>
        <line Align="Left">
            <content style="Body">Returned Value:</content>
        </line>
        <line Align="Left">
            <content style="Body">*BR*</content>
        </line>
        <line Align="Left" leftIndent="36">
            <content style="Body">An NSData object containing a C array of type OSG_Vector_t giving the x,y,z coordinates of the result of compositing the two arguments.</content>
        </line>
    </contents>
</page>