<?xml version="1.0" encoding="UTF-8"?>
<page pageId="Page16" pageName="tokenForTurn:" title="">
    <abstract></abstract>
    <keywords></keywords>
    <contents>
        <line Align="Left">
            <content style="Custom1">-(</content>
            <content style="Custom18">NSString</content>
            <content style="Custom1"> *)</content>
            <content style="Custom15">tokenForTurn</content>
            <content style="Custom1">: (</content>
            <content style="Custom14">RBK_Turn</content>
            <content style="Custom1">)turn</content>
        </line>
        <line Align="Left">
            <content style="Custom1">*BR*</content>
        </line>
        <line Align="Left">
            <content style="Body">Parameters:</content>
        </line>
        <line Align="Left">
            <content style="Body">*BR*</content>
        </line>
        <line Align="Left" leftIndent="36">
            <content style="Body">turn	</content>
        </line>
        <line Align="Left" leftIndent="72">
            <content style="Body">the desired turn.</content>
        </line>
        <line Align="Left">
            <content style="Body">*BR*</content>
        </line>
        <line Align="Left">
            <content style="Body">Returned Value:</content>
        </line>
        <line Align="Left">
            <content style="Body">*BR*</content>
        </line>
        <line Align="Left" leftIndent="36">
            <content style="Body">The corresponding string representation.  eg R1 returns @"R", R3 returns @"R'", etc.</content>
        </line>
    </contents>
</page>