<?xml version="1.0" encoding="UTF-8"?>
<page pageId="Page2" pageName="The Cube3x3x3 App" title="">
    <abstract></abstract>
    <keywords></keywords>
    <contents>
        <line Align="Center">
            <content style="Normal"></content>
        </line>
        <line Align="Left">
            <content style="Normal"></content>
        </line>
        <line Align="Center">
            <image height="348.0" style="Body" leftMargin="0.0" bottomMargin="0.0" rightMargin="0.0" width="559.0" topMargin="0.0" imageId="3:4 size.jpg"></image>
        </line>
        <line Align="Left">
            <content style="Body">*BR*</content>
        </line>
        <line Align="Justify">
            <content style="Body">The Cube3x3x3 application presents a split view separating two NSTextViews.  The text view on the left is the parameters view and is for parameters required by the functions.  The right text view is the results text view where the functions report their results.  The tool bar contains a drop down menu to select the function.  The user selects a function, enters any parameters in the parameters view and clicks [GO].</content>
        </line>
        <line Align="Left">
            <content style="Normal"></content>
        </line>
        <line Align="Center">
            <content style="Normal"></content>
        </line>
    </contents>
</page>