<?xml version="1.0" encoding="UTF-8"?>
<page pageId="Page59" pageName="GAP for States" title="">
    <abstract></abstract>
    <keywords></keywords>
    <contents>
        <line Align="Left">
            <content style="Body">Convert CubieModel group elements to GAP cycle strings</content>
        </line>
        <line Align="Left">
            <content style="Body">*BR*</content>
        </line>
        <line Align="Left">
            <content style="Body">PARAMETERS:</content>
        </line>
        <line Align="Left" leftIndent="36">
            <content style="Body">Start: N</content>
        </line>
        <line Align="Left" leftIndent="72">
            <content style="Body">The function names the GAP variables sequentially from gN.  Defaults to 1</content>
        </line>
        <line Align="Left" leftIndent="36">
            <content style="Body">*BR*</content>
        </line>
        <line Align="Left" leftIndent="36">
            <content style="Body">A list of cube state representations either as standard configuration strings or as turn sequences, each on a separate line.</content>
        </line>
        <line Align="Left">
            <content style="Body">*BR*</content>
        </line>
        <line Align="Left">
            <content style="Body">DISCUSSION:</content>
        </line>
        <line Align="Left">
            <content style="Body">	Example input:</content>
        </line>
        <line Align="Left">
            <content style="Body">*BR*</content>
        </line>
        <line Align="Left" leftIndent="72">
            <content style="Custom38">start: 100</content>
        </line>
        <line Align="Left" leftIndent="72">
            <content style="Body">*BR*</content>
        </line>
        <line Align="Left" leftIndent="72">
            <content style="Normal"></content>
        </line>
        <line Align="Left" leftIndent="72">
            <content style="Custom22">Superflip R2 U R' L F R B L' F U' B L2 D' R' L B' L' F' R B' D F'</content>
        </line>
        <line Align="Left" leftIndent="72">
            <content style="Body">*BR*</content>
        </line>
        <line Align="Left" leftIndent="72">
            <content style="Custom22">Hermit R U B D F' U' B' R' U' R' D F U' D B' U' R D R F D B U' F' D' R'</content>
        </line>
        <line Align="Left" leftIndent="72">
            <content style="Body">*BR*</content>
        </line>
        <line Align="Left" leftIndent="72">
            <content style="Normal"></content>
        </line>
        <line Align="Left" leftIndent="36">
            <content style="Body">output:</content>
        </line>
        <line Align="Left" leftIndent="72">
            <content style="Body">*BR*</content>
        </line>
        <line Align="Left" leftIndent="72">
            <content style="Custom38">GAP for States</content>
        </line>
        <line Align="Left" leftIndent="72">
            <content style="Body">*BR*</content>
        </line>
        <line Align="Left" leftIndent="72">
            <content style="Custom38"># Superflip R2 U R' L F R B L' F U' B L2 D' R' L B' L' F' R B' D F'</content>
        </line>
        <line Align="Left" leftIndent="72">
            <content style="Custom38"># Configuration: FU RU BU LU FD RD BD LD RF LF RB LB UFR URB UBL ULF DRF DFL DLB DBR</content>
        </line>
        <line Align="Left" leftIndent="72">
            <content style="Custom38"> g100 := (1,2)(3,4)(5,6)(7,8)(9,10)(11,12)(13,14)(15,16)(17,18)(19,20)(21,22)(23,24);</content>
        </line>
        <line Align="Left" leftIndent="72">
            <content style="Body">*BR*</content>
        </line>
        <line Align="Left" leftIndent="72">
            <content style="Custom38"># Hermit R U B D F' U' B' R' U' R' D F U' D B' U' R D R F D B U' F' D' R'</content>
        </line>
        <line Align="Left" leftIndent="72">
            <content style="Custom38"># Configuration: BU LU FU RU BD LD FD RD LB RB LF RF UBL ULF UFR URB DLB DBR DRF DFL</content>
        </line>
        <line Align="Left" leftIndent="72">
            <content style="Custom38"> g101 := (1,6)(2,5)(3,8)(4,7)(9,14)(10,13)(11,16)(12,15)(17,24)(18,23)(19,22)(20,21)(25,31)(26,32)(27,33)(28,34)(29,35)(30,36)(37,43)(38,44)(39,45)(40,46)(41,47)(42,48);</content>
        </line>
    </contents>
</page>