<?xml version="1.0" encoding="UTF-8"?>
<page pageId="Page55" pageName="inverseOfTurn:" title="">
    <abstract></abstract>
    <keywords></keywords>
    <contents>
        <line Align="Left">
            <content style="Custom1">-(</content>
            <content style="Custom30">RBK_Turn</content>
            <content style="Custom1">)</content>
            <content style="Custom33">inverseOfTurn</content>
            <content style="Custom1">:(</content>
            <content style="Custom30">RBK_Turn</content>
            <content style="Custom1">)turn</content>
        </line>
        <line Align="Left">
            <content style="Normal"></content>
        </line>
        <line Align="Left">
            <content style="Custom1">*BR*</content>
        </line>
        <line Align="Left">
            <content style="Normal"></content>
        </line>
        <line Align="Left">
            <content style="Body">Parameters:</content>
        </line>
        <line Align="Left">
            <content style="Body">*BR*</content>
        </line>
        <line Align="Left" leftIndent="36">
            <content style="Body">turn</content>
        </line>
        <line Align="Left" leftIndent="72">
            <content style="Body">An RBK_Turn</content>
        </line>
        <line Align="Left">
            <content style="Body">*BR*</content>
        </line>
        <line Align="Left">
            <content style="Body">Returned Value:</content>
        </line>
        <line Align="Left">
            <content style="Body">*BR*</content>
        </line>
        <line Align="Left" leftIndent="36">
            <content style="Body">The inverse of the argument</content>
        </line>
    </contents>
</page>