<?xml version="1.0" encoding="UTF-8"?>
<page pageId="Page24" pageName="configurationForState:" title="">
    <abstract></abstract>
    <keywords></keywords>
    <contents>
        <line Align="Left">
            <content style="Custom1">-(</content>
            <content style="Custom18">NSString</content>
            <content style="Custom1"> *)</content>
            <content style="Custom15">configurationForState</content>
            <content style="Custom1">: (</content>
            <content style="Custom18">NSData</content>
            <content style="Custom1"> *)state;</content>
        </line>
        <line Align="Left">
            <content style="Body">*BR*</content>
        </line>
        <line Align="Left">
            <content style="Body">Parameters:</content>
        </line>
        <line Align="Left">
            <content style="Body">*BR*</content>
        </line>
        <line Align="Left" leftIndent="36">
            <content style="Body">state	</content>
        </line>
        <line Align="Left" leftIndent="72">
            <content style="Body">The representation of a cube group element</content>
        </line>
        <line Align="Left">
            <content style="Body">*BR*</content>
        </line>
        <line Align="Left">
            <content style="Body">Returned Value:</content>
        </line>
        <line Align="Left">
            <content style="Body">*BR*</content>
        </line>
        <line Align="Left" leftIndent="36">
            <content style="Body">The standard configuration string representation of the argument.  The default method returns </content>
            <content style="Custom32">nil</content>
            <content style="Body">.  Subclasses must override this method to return the appropriate result.</content>
        </line>
    </contents>
</page>