<?xml version="1.0" encoding="UTF-8"?>
<page pageId="Page63" pageName="Solution for States" title="">
    <abstract></abstract>
    <keywords></keywords>
    <contents>
        <line Align="Left">
            <content style="Body">Find an optimal q-turn solution sequence for the input</content>
        </line>
        <line Align="Left">
            <content style="Body">*BR*</content>
        </line>
        <line Align="Left">
            <content style="Body">PARAMETERS:</content>
        </line>
        <line Align="Left" leftIndent="36">
            <content style="Body">A list of CubieModel states each on a separate line.  A state may be represented as a turn sequence, a standard configuration string or a GAP cycle string.  In addition the key word </content>
            <content style="Body bold">Random</content>
            <content style="Body"> will be converted to a randomly generated cube state.</content>
        </line>
        <line Align="Left">
            <content style="Body">*BR*</content>
        </line>
        <line Align="Left">
            <content style="Body">DISCUSSION:</content>
        </line>
        <line Align="Left">
            <content style="Body">	Example input:</content>
        </line>
        <line Align="Left">
            <content style="Body">*BR*</content>
        </line>
        <line Align="Left">
            <content style="Normal"></content>
        </line>
        <line Align="Left" leftIndent="36">
            <content style="Body">D R F' R' D' U R' F' R' F R F R F U' F' (16q)</content>
        </line>
        <line Align="Left" leftIndent="36">
            <content style="Body">random</content>
        </line>
        <line Align="Left">
            <content style="Body">*BR</content>
        </line>
        <line Align="Left">
            <content style="Normal"></content>
        </line>
        <line Align="Left">
            <content style="Body">output:</content>
        </line>
        <line Align="Left">
            <content style="Body">*BR*</content>
        </line>
        <line Align="Left" leftIndent="36">
            <content style="Body">Solution for States</content>
        </line>
        <line Align="Left" leftIndent="36">
            <content style="Body">*BR*</content>
        </line>
        <line Align="Left" leftIndent="36">
            <content style="Body">Input: D R F' R' D' U R' F' R' F R F R F U' F' (16q)</content>
        </line>
        <line Align="Left" leftIndent="36">
            <content style="Body">Parsed as: D R F' R' D' U R' F' R' F R F R F U' F'</content>
        </line>
        <line Align="Left" leftIndent="36">
            <content style="Body">Configuration: UF RB RU UL LD DR DB LF FR DF UB BL RDB RBU RUF RFD LBD LDF LFU LUB</content>
        </line>
        <line Align="Left" leftIndent="36">
            <content style="Body">Solution: R D B' D' R' L B L' F B' U L U' F'  14q  14f</content>
        </line>
        <line Align="Left" leftIndent="36">
            <content style="Body">time: 00.02</content>
        </line>
        <line Align="Left" leftIndent="36">
            <content style="Body">*BR*</content>
        </line>
        <line Align="Left" leftIndent="36">
            <content style="Body">Input: random</content>
        </line>
        <line Align="Left" leftIndent="36">
            <content style="Body">Parsed as: FU FL RB UB BL LU FD DL BD RU FR DR RDB FUL FDR LBD FRU BLU URB DFL</content>
        </line>
        <line Align="Left" leftIndent="36">
            <content style="Body">Configuration: FU FL RB UB BL LU FD DL BD RU FR DR RDB FUL FDR LBD FRU BLU URB DFL</content>
        </line>
        <line Align="Left" leftIndent="36">
            <content style="Body">Solution: U F U L D' F' L D B L U D2 R D' L U B U R'  20q  19f</content>
        </line>
        <line Align="Left" leftIndent="36">
            <content style="Body">time: 13.08</content>
        </line>
    </contents>
</page>