<?xml version="1.0" encoding="UTF-8"?>
<page pageId="Page60" pageName="GAP for Symmetries" title="">
    <abstract></abstract>
    <keywords></keywords>
    <contents>
        <line Align="Left">
            <content style="Body">Produce GAP facelet permutations representing the OhSymmetryGroup elements</content>
        </line>
        <line Align="Left">
            <content style="Body">*BR*</content>
        </line>
        <line Align="Left">
            <content style="Body">PARAMETERS:</content>
        </line>
        <line Align="Left" leftIndent="36">
            <content style="Body">A list of OhSymmetryGroup keys, eg key: @"-x,-y,-z" , each on a separate line.</content>
        </line>
        <line Align="Left">
            <content style="Body">*BR*</content>
        </line>
        <line Align="Left">
            <content style="Body">DISCUSSION:</content>
        </line>
        <line Align="Left">
            <content style="Normal"></content>
        </line>
        <line Align="Left" leftIndent="36">
            <content style="Body">Example input:</content>
        </line>
        <line Align="Left" leftIndent="72">
            <content style="Body">key: @" x, z,-y"</content>
        </line>
        <line Align="Left" leftIndent="72">
            <content style="Body">key: @"-z, y, x"</content>
        </line>
        <line Align="Left" leftIndent="72">
            <content style="Body">key: @"-x,-y,-z"</content>
        </line>
        <line Align="Left">
            <content style="Body">*BR*</content>
        </line>
        <line Align="Left" leftIndent="36">
            <content style="Body">Output:</content>
        </line>
        <line Align="Left" leftIndent="72">
            <content style="Body">GAP for Symmetries</content>
        </line>
        <line Align="Left" leftIndent="72">
            <content style="Body">*BR*</content>
        </line>
        <line Align="Left" leftIndent="72">
            <content style="Body"># ( x, z,-y)    C4x</content>
        </line>
        <line Align="Left" leftIndent="72">
            <content style="Body">S12 := (1,10,13,6)(2,9,14,5)(3,17,11,21)(4,18,12,22)(7,19,15,23)(8,20,16,24)(25,39,46,30)(26,37,47,28)(27,38,48,29)(31,36,40,45)(32,34,41,43)(33,35,42,44);</content>
        </line>
        <line Align="Left" leftIndent="72">
            <content style="Body">*BR*</content>
        </line>
        <line Align="Left" leftIndent="72">
            <content style="Body"># (-z, y, x)    C4y</content>
        </line>
        <line Align="Left" leftIndent="72">
            <content style="Body">S14 := (1,3,5,7)(2,4,6,8)(9,11,13,15)(10,12,14,16)(17,22,23,20)(18,21,24,19)(25,28,31,34)(26,29,32,35)(27,30,33,36)(37,46,43,40)(38,47,44,41)(39,48,45,42);</content>
        </line>
        <line Align="Left" leftIndent="72">
            <content style="Body">*BR*</content>
        </line>
        <line Align="Left" leftIndent="72">
            <content style="Body"># (-x,-y,-z)    i</content>
        </line>
        <line Align="Left" leftIndent="72">
            <content style="Body">S36 := (1,13)(2,14)(3,15)(4,16)(5,9)(6,10)(7,11)(8,12)(17,23)(18,24)(19,21)(20,22)(25,43)(26,45)(27,44)(28,40)(29,42)(30,41)(31,37)(32,39)(33,38)(34,46)(35,48)(36,47);</content>
        </line>
        <line Align="Left">
            <content style="Normal"></content>
        </line>
    </contents>
</page>