<?xml version="1.0" encoding="UTF-8"?>
<page pageId="Page42" pageName="conjugateOfPath:" title="">
    <abstract></abstract>
    <keywords></keywords>
    <contents>
        <line Align="Left">
            <content style="Custom1">-(</content>
            <content style="Custom31">NSData</content>
            <content style="Custom1"> *)</content>
            <content style="Custom33">conjugateOfPath</content>
            <content style="Custom1">: (</content>
            <content style="Custom31">NSData</content>
            <content style="Custom1"> *)path</content>
        </line>
        <line Align="Left" leftIndent="72">
            <content style="Custom33">bySymtag</content>
            <content style="Custom1">: (</content>
            <content style="Custom30">OSG_SYMTAG</content>
            <content style="Custom1">)symtag;</content>
        </line>
        <line Align="Left">
            <content style="Normal"></content>
        </line>
        <line Align="Left">
            <content style="Custom1">*BR*</content>
        </line>
        <line Align="Left">
            <content style="Normal"></content>
        </line>
        <line Align="Left">
            <content style="Body">Parameters:</content>
        </line>
        <line Align="Left">
            <content style="Body">*BR*</content>
        </line>
        <line Align="Left" leftIndent="36">
            <content style="Body">path</content>
        </line>
        <line Align="Left" leftIndent="72">
            <content style="Body">An NSData object wrapping a C array of type RBK_Turn</content>
        </line>
        <line Align="Left">
            <content style="Body">*BR*</content>
        </line>
        <line Align="Left" leftIndent="36">
            <content style="Body">symtag</content>
        </line>
        <line Align="Left" leftIndent="72">
            <content style="Body">The symmetry used to form the conjugate</content>
        </line>
        <line Align="Left">
            <content style="Body">*BR*</content>
        </line>
        <line Align="Left">
            <content style="Body">Returned Value:</content>
        </line>
        <line Align="Left">
            <content style="Body">*BR*</content>
        </line>
        <line Align="Left" leftIndent="36">
            <content style="Body">The conjugate of the argument as a C array of type RBK_Turn wrapped as an NSData object.</content>
        </line>
        <line Align="Left">
            <content style="Body">*BR*</content>
        </line>
        <line Align="Left">
            <content style="Body">Discussion</content>
        </line>
        <line Align="Left">
            <content style="Body">*BR*</content>
        </line>
        <line Align="Left" leftIndent="36">
            <content style="Body">Since the product of inverses is identity, the conjugate of a turn sequence may be expanded.</content>
        </line>
        <line Align="Left" leftIndent="36">
            <content style="Body">*BR*</content>
        </line>
        <line Align="Left" leftIndent="36">
            <image height="26.0" style="Body" leftMargin="0.0" bottomMargin="0.0" rightMargin="0.0" width="240.0" topMargin="0.0" imageId="PathConj1.pdf"></image>
        </line>
        <line Align="Left" leftIndent="36">
            <image height="26.0" style="Body" leftMargin="0.0" bottomMargin="0.0" rightMargin="0.0" width="485.0" topMargin="0.0" imageId="PathConj2.pdf"></image>
        </line>
        <line Align="Left" leftIndent="36">
            <content style="Body">*BR*</content>
        </line>
        <line Align="Left" leftIndent="36">
            <content style="Body">Thus the symmetry conjugate of a turn sequence is found by taking the symmetry conjugates of the individual turns.</content>
        </line>
    </contents>
</page>