<?xml version="1.0" encoding="UTF-8"?>
<page pageId="Page33" pageName="The CubieModel Class" title="">
    <abstract></abstract>
    <keywords></keywords>
    <contents>
        <line Align="Left">
            <content style="Custom27">@interface</content>
            <content style="Custom29">CubieModel</content>
            <content style="Custom1"> : </content>
            <content style="Custom30">RBK_Model &lt;RBK_Model_Protocol&gt;</content>
        </line>
        <line Align="Left">
            <content style="Custom30">*BR*</content>
        </line>
        <line Align="Left">
            <content style="Body">The CubieModel class subclasses RBK_Model to give a complete group theoretical representation of the Cube group.  It represents Cube group elements as 20 element C arrays of type OSG_SYMTAG.</content>
        </line>
        <line Align="Left">
            <content style="Body">*BR*</content>
        </line>
        <line Align="Center">
            <image height="494.0" style="Normal" leftMargin="0.0" bottomMargin="0.0" rightMargin="0.0" width="467.0" topMargin="0.0" imageId="Axes.jpg"></image>
        </line>
        <line Align="Justify">
            <content style="Body">*BR*</content>
        </line>
        <line Align="Justify">
            <content style="Body">The cubies of the Cube are rearranged by 90˚ rotations of the Cube faces.  The closure of the group formed from the three orthogonal 90˚ rotations about the axes gives the 24 element O rotational subgroup of the OhSymmetryGroup. An edge cubie may be in one of 12 edge positions and in one of two orientations giving 24 possible states.  A corner cubie may be in one of eight positions and in one of three orientations giving 24 possible states.  In a scrambled cube the composition of all the 90˚ rotations to which a particular cubie has been subjected by face turns will give an element of the O rotation group.  This result gives the rotation which will move that cubie from its home position to its present position and orientation in the Cube.</content>
        </line>
        <line Align="Justify">
            <content style="Body">*BR*</content>
        </line>
        <line Align="Justify">
            <content style="Body">Consider moving the UBL cubie to UFR position. This may be done in three ways:</content>
        </line>
        <line Align="Justify">
            <content style="Body">*BR*</content>
        </line>
        <line Align="Justify" leftIndent="36">
            <content style="Body">U U =</content>
        </line>
        <line Align="Justify" leftIndent="36">
            <image height="27.0" style="Body" leftMargin="0.0" bottomMargin="0.0" rightMargin="0.0" width="134.0" topMargin="0.0" imageId="C2.pdf"></image>
        </line>
        <line Align="Justify" leftIndent="36">
            <content style="Body">*BR*</content>
        </line>
        <line Align="Justify" leftIndent="36">
            <content style="Body">U R' = </content>
        </line>
        <line Align="Justify" leftIndent="36">
            <content style="Body">[R3] • [U1] =         (composition: ie [Action] • [State])</content>
        </line>
        <line Align="Justify" leftIndent="36">
            <image height="30.0" style="Body" leftMargin="0.0" bottomMargin="0.0" rightMargin="0.0" width="157.0" topMargin="0.0" imageId="C3xy'z'.pdf"></image>
        </line>
        <line Align="Justify" leftIndent="36">
            <content style="Body">*BR*</content>
        </line>
        <line Align="Justify" leftIndent="36">
            <content style="Body">U' F = </content>
        </line>
        <line Align="Justify" leftIndent="36">
            <content style="Body">[F1] • [U3] =</content>
        </line>
        <line Align="Justify" leftIndent="36">
            <image height="30.0" style="Body" leftMargin="0.0" bottomMargin="0.0" rightMargin="0.0" width="155.0" topMargin="0.0" imageId="C3x'y'z.pdf"></image>
        </line>
        <line Align="Justify" leftIndent="36">
            <content style="Body">*BR*</content>
        </line>
        <line Align="Justify">
            <content style="Body">The first rotates the UBL cubie 180˚ about the y axis giving no twist.  The second rotates the UBL cubie 120˚ CCW about the (1,-1,-1) (ie R,D,B) vector giving a CCW twist.  The third rotates the cubie 120˚ CW about the (-1,-1,1) (ie L,D,F) vector giving a CW twist.  Any sequence of turns which places the UBL cubie in the UFR cubicle will put it in one of these rotational states which may be found by compositing all the 90˚ rotations to which it has been subjected.</content>
        </line>
        <line Align="Justify">
            <content style="Body">*BR*</content>
        </line>
        <line Align="Justify">
            <content style="Body">The CubieModel class represents Cube group elements with a list of 20 Oh group rotations, one for each cubie.  A group representation must serve two functions, as a state and as an action.  As a state the representation lists the Oh group rotations that will move each cubie from its home position to its present position and orientation.  As an action the representation lists the Oh group rotations to be applied to whichever cubie currently occupies each position.</content>
        </line>
        <line Align="Justify">
            <content style="Normal"></content>
        </line>
        <line Align="Justify">
            <content style="Normal"></content>
        </line>
        <line Align="Justify" leftIndent="36">
            <content style="Normal"></content>
        </line>
    </contents>
</page>