<?xml version="1.0" encoding="UTF-8"?>
<page pageId="Page44" pageName="pathForState:" title="">
    <abstract></abstract>
    <keywords></keywords>
    <contents>
        <line Align="Left">
            <content style="Custom1">-(</content>
            <content style="Custom31">NSData</content>
            <content style="Custom1"> *)</content>
            <content style="Custom33">pathForState</content>
            <content style="Custom1">: (</content>
            <content style="Custom31">NSData</content>
            <content style="Custom1"> *)state;</content>
        </line>
        <line Align="Left">
            <content style="Normal"></content>
        </line>
        <line Align="Left">
            <content style="Custom1">*BR*</content>
        </line>
        <line Align="Left">
            <content style="Normal"></content>
        </line>
        <line Align="Left">
            <content style="Body">Parameters:</content>
        </line>
        <line Align="Left">
            <content style="Body">*BR*</content>
        </line>
        <line Align="Left" leftIndent="36">
            <content style="Body">state</content>
        </line>
        <line Align="Left" leftIndent="72">
            <content style="Body">A CubieModel group element</content>
        </line>
        <line Align="Left" leftIndent="36">
            <content style="Body">*BR*</content>
        </line>
        <line Align="Left">
            <content style="Body">Returned Value:</content>
        </line>
        <line Align="Left">
            <content style="Body">*BR*</content>
        </line>
        <line Align="Justify" leftIndent="36">
            <content style="Body">An NSData object containing a C array of type RBK_Turn for a turn sequence giving the argument when applied to a solved cube, ie a generator turn sequence.  The default method returns </content>
            <content style="Custom34">nil</content>
            <content style="Body">.  Subclasses may override this method to add this functionality.</content>
        </line>
        <line Align="Left">
            <content style="Body">*BR*</content>
        </line>
    </contents>
</page>