<?xml version="1.0" encoding="UTF-8"?>
<page pageId="Page8" pageName="cleanTextInput:" title="">
    <abstract></abstract>
    <keywords></keywords>
    <contents>
        <line Align="Left">
            <content style="Custom39">typedefstruct</content>
        </line>
        <line Align="Left">
            <content style="Custom1">{</content>
        </line>
        <line Align="Left" leftIndent="36">
            <content style="Custom47">NSString</content>
            <content style="Custom1">    *</content>
            <content style="Custom47">config</content>
            <content style="Custom1">,</content>
        </line>
        <line Align="Left">
            <content style="Custom1">                *</content>
            <content style="Custom47">turns</content>
            <content style="Custom1">;</content>
        </line>
        <line Align="Left">
            <content style="Custom1">}</content>
            <content style="Custom48">RBK_CLEAN_TEXT</content>
            <content style="Custom1">;</content>
        </line>
        <line Align="Left">
            <content style="Custom1">*BR*</content>
        </line>
        <line Align="Left">
            <content style="Custom1">-(</content>
            <content style="Custom18">RBK_CLEAN_TEXT</content>
            <content style="Custom1">)</content>
            <content style="Custom15">cleanTextInput</content>
            <content style="Custom1">: (</content>
            <content style="Custom18">NSString</content>
            <content style="Custom1"> *)dirty;</content>
        </line>
        <line Align="Left">
            <content style="Custom1">*BR*</content>
        </line>
        <line Align="Left">
            <content style="Body">Parameters:</content>
        </line>
        <line Align="Left">
            <content style="Body">*BR*</content>
        </line>
        <line Align="Justify" leftIndent="36">
            <content style="Body">dirty	</content>
        </line>
        <line Align="Justify" leftIndent="72">
            <content style="Body">An NSString object to be parsed for content.  The routine looks for turn strings or standard configuration strings.  Any instance of the word Random in the input will be substituted with a randomly generated configuration.  Any GAP canonical cycle strings will be converted to a valid configuration string if that is possible.</content>
        </line>
        <line Align="Left" leftIndent="36">
            <content style="Body">*BR*</content>
        </line>
        <line Align="Left">
            <content style="Body">Returned Value:</content>
        </line>
        <line Align="Left">
            <content style="Body">*BR*</content>
        </line>
        <line Align="Left" leftIndent="36">
            <content style="Body">A RBK_CLEAN_TEXT structure with any turn string in the .turns field and any standard configuration string in the .config field.  Null strings are returned if nothing appropriate was found.</content>
        </line>
    </contents>
</page>