<?xml version="1.0" encoding="UTF-8"?>
<page pageId="Page35" pageName="GLMatrixForSymTag:" title="">
    <abstract></abstract>
    <keywords></keywords>
    <contents>
        <line Align="Left">
            <content style="Custom1">-(</content>
            <content style="Custom23">matrix_float4x4</content>
            <content style="Custom1">)</content>
            <content style="Custom26">GLMatrixForSymTag</content>
            <content style="Custom1">: (</content>
            <content style="Custom24">OSG_SYMTAG</content>
            <content style="Custom1">)tag;</content>
        </line>
        <line Align="Left">
            <content style="Custom22">*BR*</content>
        </line>
        <line Align="Left">
            <content style="Custom22">Parameters:</content>
        </line>
        <line Align="Left">
            <content style="Custom22">*BR*</content>
        </line>
        <line Align="Left" leftIndent="36">
            <content style="Custom22">tag	</content>
        </line>
        <line Align="Left" leftIndent="72">
            <content style="Custom22">An OhSymmetry group symtag</content>
        </line>
        <line Align="Left" leftIndent="36">
            <content style="Custom22">*BR*</content>
        </line>
        <line Align="Left">
            <content style="Custom22">Returned Value:</content>
        </line>
        <line Align="Left">
            <content style="Custom22">*BR*</content>
        </line>
        <line Align="Left" leftIndent="36">
            <content style="Custom22">A column major 4x4 matrix representation of the symmetry element suitable for use with OpenGL.</content>
        </line>
    </contents>
</page>