<?xml version="1.0" encoding="UTF-8"?>
<page pageId="Page25" pageName="The OhSymmetryGroup Class" title="">
    <abstract></abstract>
    <keywords></keywords>
    <contents>
        <line Align="Justify">
            <content style="Body">The </content>
            <content style="Body" linkTarget="https://www.staff.ncl.ac.uk/j.p.goss/symmetry/index.html">Oh symmetry group</content>
            <content style="Body"> is a set of geometric transforms.  It is a point group in that it acts on a set of points.  A set of points, S, has Oh symmetry if:</content>
        </line>
        <line Align="Justify">
            <content style="Body">*BR*</content>
        </line>
        <line Align="Justify" leftIndent="36">
            <content style="Body">m • S = S  for all m elements of Oh  </content>
        </line>
        <line Align="Justify">
            <content style="Body">*BR*</content>
        </line>
        <line Align="Justify">
            <content style="Body">ie the set of points is invariant under the actions of the elements of the group.  Oh symmetry is referred to as octahedral or cubic symmetry because the set of points that make up a regular octahedron or a cube exhibit Oh symmetry.</content>
        </line>
        <line Align="Justify">
            <content style="Body">*BR*</content>
        </line>
        <line Align="Center">
            <image height="494.0" style="Normal" leftMargin="0.0" bottomMargin="0.0" rightMargin="0.0" width="467.0" topMargin="0.0" imageId="Axes.jpg"></image>
        </line>
        <line Align="Left">
            <content style="Body">*BR*</content>
        </line>
        <line Align="Left">
            <content style="Normal"></content>
        </line>
        <line Align="Left">
            <content style="Normal"></content>
        </line>
        <line Align="Left">
            <content style="Body">The Oh group has 48 elements.  Of particular interest is the 24 element rotational subgroup of Oh.  This subgroup contains:</content>
        </line>
        <line Align="Left">
            <content style="Body">*BR*</content>
        </line>
        <line Align="Left" leftIndent="36">
            <content style="Body">the identity element</content>
        </line>
        <line Align="Left" leftIndent="36">
            <content style="Body">6 ±90˚ rotations about the three major axes</content>
        </line>
        <line Align="Left" leftIndent="36">
            <content style="Body">3 180˚ rotations about the three major axes</content>
        </line>
        <line Align="Left" leftIndent="36">
            <content style="Body">6 180˚ rotations about the dihedral axes at the cube edges</content>
        </line>
        <line Align="Left" leftIndent="36">
            <content style="Body">8 </content>
            <content style="Custom25">±120˚ rotations about the three fold axes at the cube corners</content>
        </line>
        <line Align="Left" leftIndent="36">
            <content style="Custom25">*BR*</content>
        </line>
        <line Align="Left">
            <content style="Custom25">The remaining 24 elements are the mirrored coset of the rotational elements.</content>
        </line>
        <line Align="Left">
            <content style="Custom25">*BR*</content>
        </line>
        <line Align="Left">
            <content style="Custom25">The OhSymmetryGroup class represents the symmetry elements with 3 x 3 geometric transform matrixes.  These matrixes form a mathematical group under the operation of matrix multiplication.  The points making up a cube are invariant under matrix multiplication by the elements of the symmetry group.  </content>
        </line>
        <line Align="Left">
            <content style="Custom25">*BR*</content>
        </line>
        <line Align="Left">
            <content style="Custom25">If the faces of the cube are 3 units from the origin the center point of the Up face of the UFR cubie has the coordinates (2,3,2).  Consider the action of a 90˚ cw rotation about the X axes on this point. </content>
        </line>
        <line Align="Left">
            <content style="Custom25">*BR*</content>
        </line>
        <line Align="Left" leftIndent="36">
            <image height="77.0" style="Custom25" leftMargin="0.0" bottomMargin="0.0" rightMargin="0.0" width="264.0" topMargin="0.0" imageId="C4x.pdf"></image>
        </line>
        <line Align="Left" leftIndent="36">
            <content style="Custom25">      C4x</content>
        </line>
        <line Align="Left" leftIndent="36">
            <content style="Custom25">*BR*</content>
        </line>
        <line Align="Left">
            <content style="Custom25">This moves the Up facelet of the UFR cubie to the Back facelet position of the URB cubicle. </content>
        </line>
        <line Align="Left">
            <content style="Custom25">*BR*</content>
        </line>
        <line Align="Left">
            <content style="Custom25"> Or a 120˚ cw rotation about the three fold axis at the RUF corner.</content>
        </line>
        <line Align="Left">
            <content style="Custom25">*BR*</content>
        </line>
        <line Align="Left" leftIndent="36">
            <image height="77.0" style="Custom25" leftMargin="0.0" bottomMargin="0.0" rightMargin="0.0" width="234.0" topMargin="0.0" imageId="C3xyx.pdf"></image>
        </line>
        <line Align="Left" leftIndent="36">
            <content style="Custom25">    C3xyz</content>
        </line>
        <line Align="Left">
            <content style="Body">*BR*</content>
        </line>
        <line Align="Left">
            <content style="Body">The cubie is rotated in place 120˚ cw placing the Up facelet in the Right position.</content>
        </line>
        <line Align="Left">
            <content style="Body"> *BR*</content>
        </line>
        <line Align="Left">
            <content style="Body">This group will be very useful in a 3D model of the cube group.</content>
        </line>
    </contents>
</page>