<?xml version="1.0" encoding="UTF-8"?>
<page pageId="Page4" pageName="OhGroup" title="">
    <abstract></abstract>
    <keywords></keywords>
    <contents>
        <line Align="Left">
            <content style="Custom12">@property</content>
            <content style="Custom1"> (</content>
            <content style="Custom12">retain</content>
            <content style="Custom1">) </content>
            <content style="Custom14">OhSymmetryGroup</content>
            <content style="Custom1"> *</content>
            <content style="Custom15">OhGroup</content>
            <content style="Custom1">;</content>
        </line>
        <line Align="Left">
            <content style="Custom1">*BR*</content>
        </line>
        <line Align="Left" leftIndent="36">
            <content style="Body">The RBK_Model class creates an instance of the OhSymmetryGroup class which may be accessed with this property. </content>
        </line>
    </contents>
</page>